GRAIN;Step;ElapsedTime
4;Init; 84439.685279 ms
4;Iter 0; 6958.251561; 4639.276765; 1335.202055; 983.772741; 2709779; 2367842; 2402648; 2519731
4;Iter 1; 3404.603485; 1519.752766; 1200.905576; 683.945143; 2748364; 2460274; 2408197; 2383165
4;Iter 2; 1128.545433; 98.003549; 923.887607; 106.654277; 2873358; 2499038; 2433199; 2194405
4;Iter 3; 305.990067; 101.062171; 99.788135; 105.139761; 2873358; 2499038; 2433199; 2194405
4;Iter 4; 297.06463; 91.627036; 100.155864; 105.28173; 2873358; 2499038; 2433199; 2194405
4;Iter 5; 1091.528998; 103.600374; 899.922518; 88.006106; 2903054; 2618413; 2259147; 2219386
4;Iter 6; 283.888104; 89.351731; 105.093931; 89.442442; 2903054; 2618413; 2259147; 2219386
4;Iter 7; 264.443743; 83.932055; 92.955492; 87.556196; 2903054; 2618413; 2259147; 2219386
4;Iter 8; 780.892832; 95.078717; 88.293714; 597.520401; 2998056; 2618413; 2080387; 2303144
4;Iter 9; 280.868862; 98.829447; 93.270192; 88.769223; 2998056; 2618413; 2080387; 2303144
4;Iter 10; 275.629275; 89.158942; 96.518853; 89.95148; 2998056; 2618413; 2080387; 2303144
4;Iter 11; 288.900666; 92.832632; 103.704168; 92.363866; 2998230; 2618239; 2080387; 2303144
4;Iter 12; 285.736645; 91.571398; 95.617411; 98.547836; 2998230; 2618239; 2080387; 2303144
4;Iter 13; 1057.802796; 96.17389; 894.304938; 67.323968; 2961977; 2644401; 2090478; 2303144
4;Iter 14; 1440.848116; 88.834173; 1274.851614; 77.162329; 2776971; 2704397; 2147981; 2370651
4;Iter 15; 256.80689; 84.299999; 82.91646; 89.590431; 2776971; 2704397; 2147981; 2370651
4;Iter 16; 260.377184; 88.567732; 90.066989; 81.742463; 2776971; 2704397; 2147981; 2370651
4;Iter 17; 259.237326; 91.403168; 85.396087; 82.438071; 2776971; 2704397; 2147981; 2370651
4;Iter 18; 1330.633872; 85.116028; 1168.91556; 76.602284; 2832692; 2805304; 1974929; 2387075
4;Iter 19; 250.306819; 78.22643; 83.763465; 88.316924; 2832667; 2805329; 1974929; 2387075
4;Init; 83560.474119 ms
4;Iter 0; 7469.396006; 5176.508387; 1673.362504; 619.525115; 2562022; 2319751; 2681366; 2436861
4;Iter 1; 2355.534841; 1552.692982; 105.386986; 697.454873; 2648621; 2146828; 2813942; 2390609
4;Iter 2; 1218.752432; 96.51497; 100.815093; 1021.422369; 2698629; 2181826; 2703141; 2416404
4;Iter 3; 316.646956; 100.219704; 120.255362; 96.17189; 2698629; 2181815; 2703141; 2416415
4;Iter 4; 289.890169; 93.878604; 98.349647; 97.661918; 2698629; 2181815; 2703141; 2416415
4;Iter 5; 1193.93414; 1010.849916; 98.024347; 85.059877; 2723635; 2252361; 2739391; 2284613
4;Iter 6; 307.193091; 92.784225; 110.789247; 103.619619; 2723635; 2252361; 2739391; 2284613
4;Iter 7; 2090.818383; 1084.374881; 913.286858; 93.156644; 2751406; 2252059; 2877875; 2118660
4;Iter 8; 241.304104; 60.700876; 85.221087; 95.382141; 2751406; 2252059; 2877875; 2118660
4;Iter 9; 270.946958; 76.241922; 97.488438; 97.216598; 2751406; 2252048; 2877875; 2118671
4;Iter 10; 253.371435; 80.847024; 88.092062; 84.432349; 2751406; 2252048; 2877875; 2118671
4;Iter 11; 651.138016; 90.977048; 467.179112; 92.981856; 2751322; 2252132; 2877875; 2118671
4;Iter 12; 261.995042; 92.437236; 85.889506; 83.6683; 2751322; 2252132; 2877875; 2118671
4;Iter 13; 273.713443; 96.34522; 88.107392; 89.260831; 2751322; 2252132; 2877875; 2118671
4;Iter 14; 249.400612; 83.75691; 92.858545; 72.785157; 2751322; 2252132; 2877875; 2118671
4;Iter 15; 240.990235; 82.167552; 88.559802; 70.262881; 2751322; 2252132; 2877854; 2118692
4;Iter 16; 247.664154; 74.082825; 82.353812; 91.227517; 2751322; 2252132; 2877854; 2118692
4;Iter 17; 428.052673; 264.705548; 83.18957; 80.157555; 2741022; 2258006; 2880715; 2120257
4;Iter 18; 583.006632; 76.807881; 84.174388; 422.024363; 2787212; 2269918; 2889257; 2053613
4;Iter 19; 412.432868; 251.232929; 78.430688; 82.769251; 2797417; 2241894; 2867543; 2093146
4;Init; 100701.757389 ms
4;Iter 0; 8104.430073; 5851.649231; 864.391816; 1388.389026; 2722652; 2384948; 2380225; 2512175
4;Iter 1; 3155.650327; 1364.236488; 861.551482; 929.862357; 2901649; 2109946; 2507939; 2480466
4;Iter 2; 1345.662928; 1144.332277; 100.126725; 101.203926; 2959870; 2146172; 2459874; 2434084
4;Iter 3; 1338.22561; 78.816704; 107.644825; 1151.764081; 3005173; 2068368; 2459874; 2466585
4;Iter 4; 276.117004; 84.318806; 93.492678; 98.30552; 3005173; 2068368; 2459874; 2466585
4;Iter 5; 276.728136; 101.406978; 96.381045; 78.940113; 3005173; 2068368; 2459874; 2466585
4;Iter 6; 287.792012; 83.076112; 109.969724; 94.746176; 3005173; 2068368; 2459874; 2466585
4;Iter 7; 277.39404; 88.347747; 94.746927; 94.299366; 3005178; 2068368; 2459869; 2466585
4;Iter 8; 269.85862; 86.829216; 88.447537; 94.581867; 3005178; 2068368; 2459869; 2466585
4;Iter 9; 279.301942; 89.647819; 92.539893; 97.11423; 3005178; 2068368; 2459869; 2466585
4;Iter 10; 1488.302254; 1305.407627; 90.331641; 92.562986; 2868624; 2103361; 2531289; 2496726
4;Iter 11; 262.634711; 74.495222; 93.853519; 94.28597; 2868624; 2103361; 2531289; 2496726
4;Iter 12; 273.840533; 93.046618; 94.20724; 86.586675; 2868624; 2103361; 2531289; 2496726
4;Iter 13; 271.861512; 100.076675; 87.091045; 84.693792; 2868624; 2103361; 2531289; 2496726
4;Iter 14; 241.662389; 69.13165; 84.214072; 88.316667; 2868624; 2103361; 2531289; 2496726
4;Iter 15; 240.595347; 70.058851; 89.631489; 80.905007; 2868619; 2103366; 2531289; 2496726
4;Iter 16; 228.98479; 60.922558; 83.870241; 84.191991; 2868619; 2103366; 2531289; 2496726
4;Iter 17; 269.197118; 85.350453; 85.432983; 98.413682; 2868619; 2103366; 2531410; 2496605
4;Iter 18; 258.091892; 76.748901; 92.397813; 88.945178; 2868619; 2103366; 2531410; 2496605
4;Iter 19; 240.412867; 64.537473; 90.818981; 85.056413; 2868619; 2103366; 2531410; 2496605
4;Init; 72424.389654 ms
4;Iter 0; 7006.342733; 4741.697841; 759.109247; 1505.535645; 2544442; 2690814; 2341608; 2423136
4;Iter 1; 2715.460491; 1420.327731; 1188.245657; 106.887103; 2506947; 2897096; 2148338; 2447619
4;Iter 2; 327.345424; 106.359045; 104.801898; 116.184481; 2506947; 2897096; 2148338; 2447619
4;Iter 3; 312.679439; 106.196295; 106.224995; 100.258149; 2506947; 2897096; 2148338; 2447619
4;Iter 4; 1407.059511; 105.308047; 116.127751; 1185.623713; 2531978; 2824560; 2148340; 2495122
4;Iter 5; 335.188046; 122.171768; 117.534519; 95.481759; 2531978; 2824560; 2148279; 2495183
4;Iter 6; 302.112222; 91.117609; 107.624152; 103.370461; 2531978; 2824560; 2148279; 2495183
4;Iter 7; 288.874913; 89.146004; 98.825892; 100.903017; 2531978; 2824560; 2148279; 2495183
4;Iter 8; 249.329755; 69.802839; 88.522616; 91.0043; 2531978; 2824560; 2148279; 2495183
4;Iter 9; 313.167527; 98.355983; 103.329001; 111.482543; 2532946; 2824560; 2147311; 2495183
4;Iter 10; 281.65672; 90.69778; 90.871821; 100.087119; 2532946; 2824560; 2147311; 2495183
4;Iter 11; 259.81565; 80.928893; 90.094212; 88.792545; 2532946; 2824560; 2147311; 2495183
4;Iter 12; 267.586072; 90.7204; 83.171748; 93.693924; 2532946; 2824560; 2147349; 2495145
4;Iter 13; 309.697805; 104.25447; 119.707673; 85.735662; 2532950; 2824556; 2147349; 2495145
4;Iter 14; 254.883212; 80.172515; 84.241206; 90.469491; 2532950; 2824556; 2147349; 2495145
4;Iter 15; 266.484005; 87.258048; 86.278781; 92.947176; 2532950; 2824556; 2147349; 2495145
4;Iter 16; 274.658756; 85.474373; 94.943441; 94.240942; 2532950; 2824556; 2147349; 2495145
4;Iter 17; 278.371848; 88.680766; 105.297087; 84.393995; 2533556; 2823950; 2147349; 2495145
4;Iter 18; 256.335738; 89.986062; 81.554221; 84.795455; 2533556; 2823950; 2147349; 2495145
4;Iter 19; 243.781467; 81.849141; 86.78279; 75.149536; 2533556; 2823950; 2147349; 2495145
4;Init; 101118.693339 ms
4;Iter 0; 8242.973794; 5209.741875; 2384.67818; 648.553739; 2638232; 2413021; 2523881; 2424866
4;Iter 1; 2898.354977; 1116.913348; 973.969362; 807.472267; 2525676; 2420892; 2785485; 2267947
4;Iter 2; 1520.47209; 102.63979; 510.672656; 907.159644; 2556022; 2266994; 2857570; 2319414
4;Iter 3; 307.764719; 102.114203; 99.664015; 105.986501; 2556022; 2266994; 2857570; 2319414
4;Iter 4; 294.266005; 93.951557; 103.129723; 97.184725; 2556022; 2266994; 2857570; 2319414
4;Iter 5; 293.762847; 109.14752; 87.804281; 96.811046; 2556022; 2266994; 2857570; 2319414
4;Iter 6; 306.016249; 96.574306; 106.069471; 103.372472; 2555952; 2267064; 2857570; 2319414
4;Iter 7; 1149.993028; 102.232123; 101.823223; 945.937682; 2355952; 2287068; 2887574; 2469406
4;Iter 8; 1212.324474; 1023.633195; 88.690745; 100.000534; 2180252; 2317072; 2952564; 2550112
4;Iter 9; 286.78977; 87.860141; 97.419006; 101.510623; 2180252; 2317072; 2952564; 2550112
4;Iter 10; 284.401201; 96.704766; 94.657837; 93.038598; 2180252; 2317072; 2952564; 2550112
4;Iter 11; 254.823557; 82.772463; 94.121388; 77.929706; 2180258; 2317072; 2952558; 2550112
4;Iter 12; 259.556355; 76.675327; 93.069358; 89.81167; 2180258; 2317072; 2952558; 2550112
4;Iter 13; 238.435737; 80.493265; 85.213282; 72.72919; 2180258; 2317072; 2952558; 2550112
4;Iter 14; 852.816225; 90.20291; 74.882328; 687.730987; 2222337; 2316512; 2911039; 2550112
4;Iter 15; 459.463644; 286.78033; 90.646; 82.037314; 2232819; 2322620; 2889705; 2554856
4;Iter 16; 249.638457; 89.39498; 82.922613; 77.320864; 2232819; 2322620; 2889705; 2554856
4;Iter 17; 261.782385; 80.125035; 92.996931; 88.660419; 2232819; 2322620; 2889705; 2554856
4;Iter 18; 364.230281; 196.646297; 83.808507; 83.775477; 2234003; 2332628; 2878513; 2554856
4;Iter 19; 1839.297729; 82.161316; 934.295092; 822.841321; 2287679; 2415344; 2711806; 2585171
10;Init; 71499.991454 ms
10;Iter 0; 7504.98068; 5625.912647; 1485.428827; 393.639206; 2719691; 2459128; 2341392; 2479789
10;Iter 1; 2349.030821; 1666.098785; 157.607654; 525.324382; 2724333; 2459056; 2385723; 2430888
10;Iter 2; 2524.525618; 565.52861; 1163.240268; 795.75674; 2853153; 2242424; 2571696; 2332727
10;Iter 3; 256.296491; 82.475981; 85.338548; 88.481962; 2853153; 2242424; 2571696; 2332727
10;Iter 4; 239.152538; 81.284684; 78.392688; 79.475166; 2853153; 2242424; 2571696; 2332727
10;Iter 5; 260.096295; 81.170664; 87.725973; 91.199658; 2853968; 2241609; 2571696; 2332727
10;Iter 6; 258.433907; 88.846211; 88.364093; 81.223603; 2853968; 2241609; 2571696; 2332727
10;Iter 7; 223.337842; 69.979961; 84.263149; 69.094732; 2853968; 2241609; 2571696; 2332727
10;Iter 8; 225.21515; 81.007074; 76.507381; 67.700695; 2853968; 2241609; 2571696; 2332727
10;Iter 9; 252.233086; 81.287354; 79.294646; 91.651086; 2853968; 2241609; 2571696; 2332727
10;Iter 10; 249.87536; 78.065176; 87.501391; 84.308793; 2853968; 2241609; 2571696; 2332727
10;Iter 11; 230.431692; 76.062928; 71.1179; 83.250864; 2853968; 2241609; 2571696; 2332727
10;Iter 12; 255.609007; 81.984194; 82.240564; 91.384249; 2853968; 2241609; 2571696; 2332727
10;Iter 13; 234.357311; 77.077427; 78.236897; 79.042987; 2853968; 2241609; 2571696; 2332727
10;Iter 14; 225.241199; 72.841916; 77.13535; 75.263933; 2853968; 2241609; 2571696; 2332727
10;Iter 15; 237.57762; 77.13985; 79.025977; 81.411793; 2853968; 2241609; 2571696; 2332727
10;Iter 16; 2115.853944; 76.471021; 1024.146785; 1015.236138; 2742681; 2329108; 2495476; 2432735
10;Iter 17; 1758.477141; 1156.04554; 531.841611; 70.58999; 2864489; 2451720; 2367034; 2316757
10;Iter 18; 219.406758; 73.483045; 68.004364; 77.919349; 2864489; 2451720; 2367034; 2316757
10;Iter 19; 201.267956; 65.294278; 61.500104; 74.473574; 2864489; 2451720; 2367034; 2316757
10;Init; 84764.546035 ms
10;Iter 0; 9548.437471; 6255.839344; 2320.396826; 972.201301; 2390009; 2538812; 2384985; 2686194
10;Iter 1; 2553.37328; 157.42862; 1312.433881; 1083.510779; 2474351; 2424326; 2093708; 3007615
10;Iter 2; 2540.395017; 94.723762; 1210.684876; 1234.986379; 2532015; 2347471; 2068944; 3051570
10;Iter 3; 1063.388873; 865.951616; 106.348607; 91.08865; 2442005; 2372486; 1994507; 3191002
10;Iter 4; 1884.230094; 104.287166; 888.122773; 891.820155; 2726755; 2427501; 2034607; 2811137
10;Iter 5; 241.168466; 79.526905; 82.077566; 79.563995; 2726755; 2427501; 2034607; 2811137
10;Iter 6; 263.586807; 84.129897; 95.708713; 83.748197; 2726755; 2427501; 2034607; 2811137
10;Iter 7; 253.247092; 89.12946; 79.404775; 84.712857; 2726755; 2427501; 2034607; 2811137
10;Iter 8; 247.247439; 83.362497; 85.811478; 78.073464; 2726755; 2427501; 2034607; 2811137
10;Iter 9; 244.272788; 78.252115; 82.596016; 83.424657; 2726755; 2427501; 2034607; 2811137
10;Iter 10; 242.067967; 82.286666; 79.973065; 79.808236; 2726755; 2427501; 2034607; 2811137
10;Iter 11; 235.166184; 78.287125; 76.552574; 80.326485; 2726755; 2427501; 2034607; 2811137
10;Iter 12; 240.343847; 77.422195; 77.629794; 85.291858; 2726755; 2427501; 2034607; 2811137
10;Iter 13; 231.172552; 90.45721; 73.257732; 67.45761; 2726755; 2427501; 2034607; 2811137
10;Iter 14; 208.910542; 69.553011; 70.966841; 68.39069; 2726755; 2427501; 2034607; 2811137
10;Iter 15; 229.927502; 75.360953; 69.278651; 85.287898; 2726755; 2427501; 2034607; 2811137
10;Iter 16; 2207.797987; 823.471204; 1303.198887; 81.127896; 2768906; 2366944; 2078627; 2785523
10;Iter 17; 220.445048; 74.160803; 72.309342; 73.974903; 2768906; 2366944; 2078627; 2785523
10;Iter 18; 213.493645; 76.627714; 69.618901; 67.24703; 2768906; 2366944; 2078627; 2785523
10;Iter 19; 1321.169175; 1195.732229; 51.724683; 73.712263; 2877383; 2383200; 2108637; 2630780
10;Init; 84136.26285 ms
10;Iter 0; 5464.28262; 4297.381143; 584.619274; 582.282203; 2645215; 2492862; 2461153; 2400770
10;Iter 1; 2856.014688; 1089.849683; 982.210559; 783.954446; 2791419; 2470861; 2411656; 2326064
10;Iter 2; 893.133061; 702.396908; 97.173249; 93.562904; 2848401; 2461507; 2449513; 2240579
10;Iter 3; 269.95851; 89.457341; 89.426461; 91.074708; 2848401; 2461507; 2449513; 2240579
10;Iter 4; 244.87507; 75.424493; 90.256801; 79.193776; 2848401; 2461507; 2449513; 2240579
10;Iter 5; 1615.690573; 1431.696819; 93.886704; 90.10705; 2890893; 2486522; 2470369; 2152216
10;Iter 6; 231.900159; 74.486974; 78.706598; 78.706587; 2890893; 2486522; 2470369; 2152216
10;Iter 7; 251.831568; 83.362003; 79.264805; 89.20476; 2890893; 2486522; 2470369; 2152216
10;Iter 8; 243.963144; 84.421623; 74.100469; 85.441052; 2890893; 2486522; 2470369; 2152216
10;Iter 9; 248.027802; 78.844826; 84.552973; 84.630003; 2890893; 2486522; 2470369; 2152216
10;Iter 10; 247.441072; 86.215042; 81.743455; 79.482575; 2890893; 2486522; 2470369; 2152216
10;Iter 11; 238.869386; 80.594775; 75.598608; 82.676003; 2890893; 2486522; 2470369; 2152216
10;Iter 12; 1047.646861; 88.9298; 75.352058; 883.365003; 2891264; 2566820; 2368995; 2172921
10;Iter 13; 1309.495961; 1146.430002; 84.792832; 78.273127; 2991254; 2596214; 2438551; 1973981
10;Iter 14; 214.358711; 73.431639; 65.465484; 75.461588; 2991254; 2596214; 2438551; 1973981
10;Iter 15; 232.258051; 75.219316; 77.27338; 79.765355; 2991254; 2596214; 2438551; 1973981
10;Iter 16; 240.310816; 91.570688; 72.149317; 76.590811; 2991254; 2596214; 2438827; 1973705
10;Iter 17; 415.003243; 292.268194; 67.642465; 55.092584; 2974612; 2601253; 2444225; 1979910
10;Iter 18; 203.237876; 64.07634; 69.503005; 69.658531; 2974612; 2601253; 2444225; 1979910
10;Iter 19; 229.836511; 80.836644; 72.67105; 76.328817; 2974612; 2601253; 2444225; 1979910
10;Init; 101360.845127 ms
10;Iter 0; 9404.638562; 7844.140974; 544.276594; 1016.220994; 2597574; 2355703; 2384658; 2662065
10;Iter 1; 1409.220139; 1078.515176; 166.201589; 164.503374; 2573371; 2481669; 2412427; 2532533
10;Iter 2; 2549.61999; 513.418814; 683.713143; 1352.488033; 2491941; 2721091; 2413632; 2373336
10;Iter 3; 1120.786073; 914.111068; 94.178195; 112.49681; 2510837; 2816003; 2274819; 2398341
10;Iter 4; 226.639131; 85.563536; 79.175038; 61.900557; 2510837; 2816003; 2274819; 2398341
10;Iter 5; 266.644798; 94.686608; 86.08333; 85.87486; 2510837; 2816003; 2274819; 2398341
10;Iter 6; 249.096242; 88.787062; 82.515049; 77.794131; 2510837; 2816003; 2274819; 2398341
10;Iter 7; 254.053761; 78.14663; 86.466819; 89.440312; 2510837; 2816003; 2274819; 2398341
10;Iter 8; 232.365584; 72.140415; 85.022216; 75.202953; 2510837; 2816003; 2274819; 2398341
10;Iter 9; 236.21545; 79.758567; 79.568827; 76.888056; 2510837; 2816003; 2274819; 2398341
10;Iter 10; 230.798499; 83.221984; 69.398893; 78.177622; 2510885; 2815955; 2274819; 2398341
10;Iter 11; 248.284526; 80.661273; 83.349273; 84.27398; 2510885; 2815955; 2274819; 2398341
10;Iter 12; 247.23917; 89.87221; 82.020218; 75.346742; 2510885; 2815955; 2274819; 2398341
10;Iter 13; 240.509695; 89.198223; 83.632902; 67.67857; 2510893; 2815947; 2274819; 2398341
10;Iter 14; 219.915188; 69.196694; 74.361935; 76.356559; 2510893; 2815947; 2274819; 2398341
10;Iter 15; 199.965599; 73.510409; 73.821777; 52.633413; 2510893; 2815947; 2274819; 2398341
10;Iter 16; 205.466859; 70.913608; 53.31551; 81.237741; 2510893; 2815947; 2274819; 2398341
10;Iter 17; 222.16375; 78.76824; 76.293539; 67.101971; 2510893; 2815947; 2274819; 2398341
10;Iter 18; 216.042962; 74.040677; 70.029381; 71.972904; 2510893; 2815947; 2274819; 2398341
10;Iter 19; 218.327323; 71.948644; 69.975851; 76.402828; 2510893; 2815947; 2274819; 2398341
10;Init; 71918.645383 ms
10;Iter 0; 7245.943667; 5483.161106; 1036.744938; 726.037623; 2645481; 2465533; 2382720; 2506266
10;Iter 1; 3716.204565; 1314.094839; 1098.006525; 1304.103201; 2665224; 2356641; 2487922; 2490213
10;Iter 2; 1087.434439; 911.920358; 90.058189; 85.455892; 2740219; 2356641; 2512927; 2390213
10;Iter 3; 288.363373; 94.492649; 111.136865; 82.733859; 2740219; 2356417; 2512927; 2390437
10;Iter 4; 234.266211; 77.455602; 77.748911; 79.061698; 2740219; 2356417; 2512927; 2390437
10;Iter 5; 263.001087; 84.545883; 90.00166; 88.453544; 2740219; 2356417; 2512927; 2390437
10;Iter 6; 252.295684; 80.933383; 90.858517; 80.503784; 2740198; 2356417; 2512948; 2390437
10;Iter 7; 251.060188; 82.687739; 72.044825; 96.327624; 2740198; 2356417; 2512948; 2390437
10;Iter 8; 237.418573; 69.528622; 88.060815; 79.829136; 2740198; 2356417; 2512948; 2390437
10;Iter 9; 225.783023; 70.172591; 78.346509; 77.263923; 2740198; 2356417; 2512948; 2390437
10;Iter 10; 235.036849; 80.062825; 79.077258; 75.896766; 2740198; 2356417; 2512948; 2390437
10;Iter 11; 234.907779; 78.20983; 79.980655; 76.717294; 2740198; 2356417; 2512948; 2390437
10;Iter 12; 231.781338; 70.67669; 83.105687; 77.998961; 2740198; 2356417; 2512948; 2390437
10;Iter 13; 244.246565; 98.651228; 76.350044; 69.245293; 2740198; 2356417; 2512948; 2390437
10;Iter 14; 228.603745; 74.757408; 75.199798; 78.646539; 2740198; 2356417; 2512948; 2390437
10;Iter 15; 221.113475; 69.306163; 71.061378; 80.745934; 2740198; 2356417; 2512948; 2390437
10;Iter 16; 209.124935; 74.958408; 66.3892; 67.777327; 2740198; 2356417; 2512948; 2390437
10;Iter 17; 214.015513; 74.751949; 71.000128; 68.263436; 2740198; 2356417; 2512948; 2390437
10;Iter 18; 234.24624; 73.637591; 86.20425; 74.404399; 2740162; 2356417; 2512984; 2390437
10;Iter 19; 218.796611; 77.699861; 68.207996; 72.888754; 2740162; 2356417; 2512984; 2390437
20;Init; 83558.98427 ms
20;Iter 0; 11101.618106; 8048.281466; 1697.293869; 1356.042771; 2621979; 2351800; 2221486; 2804735
20;Iter 1; 2569.688018; 1499.392445; 187.64528; 882.650293; 2706424; 2251271; 2315016; 2727289
20;Iter 2; 956.041314; 798.583847; 77.957281; 79.500186; 2716502; 2113633; 2417566; 2752299
20;Iter 3; 251.992416; 86.10104; 81.218193; 84.673183; 2716502; 2113633; 2417566; 2752299
20;Iter 4; 221.699454; 81.260893; 81.741781; 58.69678; 2716502; 2113633; 2417566; 2752299
20;Iter 5; 217.919293; 85.513791; 61.948372; 70.45713; 2716502; 2113633; 2417566; 2752299
20;Iter 6; 229.311784; 86.856268; 80.125935; 62.329581; 2716502; 2113633; 2417566; 2752299
20;Iter 7; 210.730111; 74.450889; 74.2842; 61.995022; 2716502; 2113633; 2417566; 2752299
20;Iter 8; 215.819718; 72.775643; 73.418093; 69.625982; 2716502; 2113633; 2417566; 2752299
20;Iter 9; 227.707718; 75.440467; 73.211253; 79.055998; 2716502; 2113633; 2417566; 2752299
20;Iter 10; 207.432669; 77.977041; 67.561767; 61.893861; 2716502; 2113633; 2417566; 2752299
20;Iter 11; 197.816944; 62.233201; 67.707507; 67.876236; 2716502; 2113633; 2417566; 2752299
20;Iter 12; 216.401576; 67.832246; 73.435493; 75.133837; 2716502; 2113633; 2417566; 2752299
20;Iter 13; 188.768767; 72.880904; 55.641107; 60.246756; 2716502; 2113633; 2417566; 2752299
20;Iter 14; 203.63837; 69.399633; 70.45379; 63.784947; 2716489; 2113633; 2417579; 2752299
20;Iter 15; 201.960703; 67.718637; 68.092896; 66.14917; 2716489; 2113633; 2417579; 2752299
20;Iter 16; 187.035201; 65.912831; 70.21488; 50.90749; 2716489; 2113713; 2417579; 2752219
20;Iter 17; 190.019224; 67.319018; 61.056284; 61.643922; 2716489; 2113713; 2417579; 2752219
20;Iter 18; 169.355677; 70.43541; 46.92609; 51.994177; 2716489; 2113713; 2417579; 2752219
20;Iter 19; 184.05449; 66.022592; 56.788744; 61.243154; 2716489; 2113713; 2417579; 2752219
20;Init; 84447.540849 ms
20;Iter 0; 8143.311303; 5146.174748; 1973.681905; 1023.45465; 2761111; 2353523; 2237784; 2647582
20;Iter 1; 2778.530598; 1245.824314; 324.64312; 1208.063164; 2718666; 2642138; 2142143; 2497053
20;Iter 2; 2157.018531; 831.479404; 1255.046957; 70.49217; 2601071; 2667909; 2189057; 2541963
20;Iter 3; 968.515274; 76.44577; 75.113463; 816.956041; 2530808; 2687909; 2219077; 2562206
20;Iter 4; 211.713319; 73.350223; 61.532572; 76.830524; 2530808; 2687909; 2219077; 2562206
20;Iter 5; 225.490713; 77.494972; 76.785773; 71.209968; 2530808; 2687909; 2219077; 2562206
20;Iter 6; 215.423069; 63.153788; 83.646776; 68.622505; 2530808; 2687909; 2219077; 2562206
20;Iter 7; 188.605867; 74.21689; 63.900246; 50.488731; 2530808; 2687909; 2219077; 2562206
20;Iter 8; 196.197878; 64.214916; 59.038379; 72.944583; 2530808; 2687909; 2219077; 2562206
20;Iter 9; 238.66426; 76.997963; 84.922833; 76.743464; 2530808; 2687909; 2219077; 2562206
20;Iter 10; 208.636796; 67.813477; 66.23523; 74.588089; 2530808; 2687909; 2219077; 2562206
20;Iter 11; 194.053144; 63.144549; 72.298005; 58.61059; 2530808; 2687909; 2219077; 2562206
20;Iter 12; 183.013918; 64.434755; 52.434146; 66.145017; 2530808; 2687909; 2219077; 2562206
20;Iter 13; 200.113737; 77.801738; 67.289995; 55.022004; 2531073; 2687644; 2219077; 2562206
20;Iter 14; 185.80109; 67.462305; 70.28176; 48.057025; 2531073; 2687644; 2219144; 2562139
20;Iter 15; 194.362277; 58.933048; 72.355198; 63.074031; 2531073; 2687644; 2219144; 2562139
20;Iter 16; 192.043961; 57.73026; 71.817999; 62.495702; 2531073; 2687644; 2219144; 2562139
20;Iter 17; 187.55166; 60.700426; 68.727912; 58.123322; 2531073; 2687644; 2219144; 2562139
20;Iter 18; 192.420388; 66.58214; 56.804454; 69.033794; 2531073; 2687644; 2219144; 2562139
20;Iter 19; 207.870278; 66.44879; 66.823949; 74.597539; 2531073; 2687644; 2219144; 2562139
20;Init; 101323.328315 ms
20;Iter 0; 7953.387331; 5350.486276; 1186.287479; 1416.613576; 2672092; 2477683; 2241517; 2608708
20;Iter 1; 1253.344608; 992.565294; 153.304114; 107.4752; 2697102; 2552845; 2141545; 2608508
20;Iter 2; 1427.017701; 101.469443; 1245.162384; 80.385874; 2697102; 2487855; 2050790; 2774253
20;Iter 3; 276.512329; 96.637229; 88.056903; 91.818197; 2697102; 2487815; 2050790; 2774293
20;Iter 4; 224.145631; 60.691855; 83.64861; 79.805166; 2697102; 2487815; 2050790; 2774293
20;Iter 5; 224.194632; 82.190041; 60.747866; 81.256725; 2697102; 2487815; 2050790; 2774293
20;Iter 6; 1140.548633; 71.30937; 76.093027; 993.146236; 2727142; 2539068; 2055780; 2688010
20;Iter 7; 1890.805627; 908.518745; 895.79788; 86.489002; 2753805; 2647385; 2078295; 2530515
20;Iter 8; 179.924399; 64.279624; 62.878405; 52.76637; 2753805; 2647385; 2078295; 2530515
20;Iter 9; 227.513883; 74.617308; 77.962037; 74.934538; 2753805; 2647385; 2078295; 2530515
20;Iter 10; 216.536839; 71.99842; 68.962471; 75.575948; 2753805; 2647385; 2078295; 2530515
20;Iter 11; 219.557197; 83.614863; 70.622941; 65.319393; 2753805; 2647469; 2078295; 2530431
20;Iter 12; 215.12094; 77.706217; 62.918465; 74.496258; 2753805; 2647469; 2078295; 2530431
20;Iter 13; 210.464692; 78.673496; 61.088796; 70.7024; 2753805; 2647469; 2078295; 2530431
20;Iter 14; 1744.206503; 68.409772; 860.37026; 815.426471; 3021260; 2687509; 2058295; 2242936
20;Iter 15; 200.157698; 64.360009; 72.475657; 63.322032; 3021260; 2687509; 2058295; 2242936
20;Iter 16; 207.286517; 69.107482; 72.612777; 65.566258; 3021260; 2687509; 2058295; 2242936
20;Iter 17; 215.613273; 70.021511; 78.566248; 67.025514; 3021260; 2687509; 2058295; 2242936
20;Iter 18; 203.532486; 69.000182; 68.514161; 66.018143; 3021260; 2687509; 2058295; 2242936
20;Iter 19; 186.744105; 69.576001; 54.903209; 62.264895; 3021260; 2687509; 2058295; 2242936
20;Init; 69780.103862 ms
20;Iter 0; 5875.266548; 3559.858895; 1962.172084; 353.235569; 2522161; 2433820; 2542968; 2501051
20;Iter 1; 4267.458484; 1526.568863; 1235.108486; 1505.781135; 2609523; 2591260; 2597449; 2201768
20;Iter 2; 2902.784789; 858.809892; 1315.252412; 728.722485; 2509321; 2697307; 2634982; 2158390
20;Iter 3; 3349.862432; 1378.708902; 1108.659943; 862.493587; 2624625; 2664862; 2600302; 2110211
20;Iter 4; 409.682102; 273.332184; 68.513723; 67.836195; 2584647; 2711020; 2600302; 2104031
20;Iter 5; 1196.303036; 65.271848; 1051.916292; 79.114896; 2610910; 2735708; 2528330; 2125052
20;Iter 6; 219.620488; 76.182891; 81.290314; 62.147283; 2610910; 2735708; 2528330; 2125052
20;Iter 7; 217.483941; 72.399947; 70.4752; 74.608794; 2610910; 2735708; 2528330; 2125052
20;Iter 8; 223.318663; 69.041733; 76.69574; 77.58119; 2610910; 2735708; 2528330; 2125052
20;Iter 9; 217.266652; 75.850042; 73.606596; 67.810014; 2610910; 2735708; 2528330; 2125052
20;Iter 10; 221.009985; 70.716279; 77.850239; 72.443467; 2610910; 2735708; 2528330; 2125052
20;Iter 11; 205.256071; 66.343257; 70.39428; 68.518534; 2610994; 2735624; 2528330; 2125052
20;Iter 12; 211.98459; 68.903133; 77.01798; 66.063477; 2610994; 2735624; 2528330; 2125052
20;Iter 13; 205.998849; 71.041159; 68.381923; 66.575767; 2610994; 2735624; 2528330; 2125052
20;Iter 14; 190.973243; 65.458899; 58.645478; 66.868866; 2610994; 2735624; 2528330; 2125052
20;Iter 15; 206.678468; 66.336586; 77.648499; 62.693383; 2610994; 2735624; 2528330; 2125052
20;Iter 16; 200.274708; 73.054496; 56.053703; 71.166509; 2610994; 2735624; 2528330; 2125052
20;Iter 17; 176.957275; 55.774283; 64.969619; 56.213373; 2610994; 2735624; 2528330; 2125052
20;Iter 18; 194.585507; 85.689157; 64.292559; 44.603791; 2610994; 2735624; 2528366; 2125016
20;Iter 19; 191.933531; 61.593214; 64.25942; 66.080897; 2610994; 2735624; 2528366; 2125016
20;Init; 99466.85464 ms
20;Iter 0; 7133.97644; 4838.788; 2010.31852; 284.86992; 2755636; 2401879; 2337515; 2504970
20;Iter 1; 3158.679816; 1753.754609; 763.867932; 641.057275; 2783724; 2378748; 2611436; 2226092
20;Iter 2; 1743.080874; 222.351021; 229.474881; 1291.254972; 2833276; 2380383; 2534365; 2251976
20;Iter 3; 1348.015215; 1197.748998; 72.748475; 77.517742; 2848286; 2519131; 2434365; 2198218
20;Iter 4; 1073.225788; 72.187224; 82.212239; 918.826325; 2888428; 2539151; 2455638; 2116783
20;Iter 5; 222.540381; 77.761902; 75.758289; 69.02019; 2888376; 2539203; 2455638; 2116783
20;Iter 6; 215.541411; 72.928125; 70.435501; 72.177785; 2888376; 2539203; 2455638; 2116783
20;Iter 7; 215.456751; 74.347118; 67.005736; 74.103897; 2888376; 2539203; 2455638; 2116783
20;Iter 8; 207.212929; 51.172384; 90.50178; 65.538765; 2888376; 2539203; 2455638; 2116783
20;Iter 9; 220.390418; 76.379241; 74.025846; 69.985331; 2888376; 2539203; 2455638; 2116783
20;Iter 10; 193.76739; 74.535048; 57.349422; 61.88292; 2888505; 2539203; 2455509; 2116783
20;Iter 11; 206.373247; 74.924888; 73.463706; 57.984653; 2888505; 2539203; 2455509; 2116783
20;Iter 12; 213.048067; 69.24798; 62.63203; 81.168057; 2888505; 2539203; 2455509; 2116783
20;Iter 13; 986.699083; 82.690679; 849.637535; 54.370869; 2916040; 2380415; 2549247; 2154298
20;Iter 14; 193.173169; 64.282423; 74.292117; 54.598629; 2916040; 2380415; 2549247; 2154298
20;Iter 15; 189.688174; 64.248183; 62.4867; 62.953291; 2916040; 2380415; 2549247; 2154298
20;Iter 16; 179.77649; 63.131402; 69.004749; 47.640339; 2916040; 2380415; 2549247; 2154298
20;Iter 17; 192.952918; 67.950738; 65.581594; 59.420586; 2916040; 2380415; 2549247; 2154298
20;Iter 18; 189.377244; 72.565905; 71.809104; 45.002235; 2916040; 2380415; 2549247; 2154298
20;Iter 19; 1606.399477; 65.555815; 455.428437; 1085.415225; 2795661; 2423149; 2621550; 2159640
40;Init; 84189.745308 ms
40;Iter 0; 9184.515406; 5634.584001; 2177.609269; 1372.322136; 2599785; 2440040; 2567785; 2392390
40;Iter 1; 2582.098515; 1595.907036; 902.001126; 84.190353; 2686060; 2245020; 2676530; 2392390
40;Iter 2; 344.385788; 78.735736; 154.182814; 111.467238; 2686415; 2243621; 2677511; 2392453
40;Iter 3; 582.333795; 78.247917; 138.906312; 365.179566; 2686972; 2246816; 2687766; 2378446
40;Iter 4; 229.406742; 75.603638; 67.232723; 86.570381; 2686972; 2246816; 2687766; 2378446
40;Iter 5; 882.501018; 78.662116; 86.969952; 716.86895; 2686972; 2282217; 2687766; 2343045
40;Iter 6; 237.044198; 74.348409; 96.654986; 66.040803; 2686972; 2282217; 2687766; 2343045
40;Iter 7; 220.876867; 75.214918; 80.111436; 65.550513; 2686972; 2282217; 2687766; 2343045
40;Iter 8; 199.563118; 73.190709; 62.100055; 64.272354; 2686972; 2282217; 2687766; 2343045
40;Iter 9; 209.963793; 69.581151; 68.812032; 71.57061; 2686972; 2282217; 2687766; 2343045
40;Iter 10; 194.320342; 63.512414; 71.258591; 59.549337; 2686972; 2282217; 2687766; 2343045
40;Iter 11; 222.442836; 72.10725; 73.471429; 76.864157; 2687232; 2281957; 2687766; 2343045
40;Iter 12; 194.753762; 69.617511; 62.403776; 62.732475; 2687232; 2281957; 2687766; 2343045
40;Iter 13; 192.689733; 74.334189; 58.038007; 60.317537; 2687232; 2281957; 2687766; 2343045
40;Iter 14; 187.826465; 66.355893; 58.711917; 62.758655; 2687232; 2281957; 2687766; 2343045
40;Iter 15; 182.539739; 59.368087; 60.595476; 62.576176; 2687232; 2281957; 2687766; 2343045
40;Iter 16; 175.666432; 53.86317; 63.612105; 58.191157; 2687232; 2281957; 2687766; 2343045
40;Iter 17; 182.145988; 59.537877; 63.761164; 58.846947; 2687232; 2281957; 2687766; 2343045
40;Iter 18; 196.220861; 60.553267; 70.012511; 65.655083; 2687232; 2281957; 2687766; 2343045
40;Iter 19; 186.823026; 58.301337; 61.995166; 66.526523; 2687232; 2281957; 2687766; 2343045
40;Init; 82599.544915 ms
40;Iter 0; 9882.0809; 6491.04885; 1761.611572; 1629.420478; 2567570; 2186235; 2639880; 2606315
40;Iter 1; 2829.033922; 1390.685344; 185.413397; 1252.935181; 2657243; 2310829; 2692635; 2339293
40;Iter 2; 259.490195; 85.636922; 80.967625; 92.885648; 2657243; 2310829; 2692635; 2339293
40;Iter 3; 1350.851747; 76.726037; 410.67135; 863.45436; 2791728; 2338192; 2714726; 2155354
40;Iter 4; 230.065392; 69.294332; 74.395388; 86.375672; 2791728; 2338192; 2714726; 2155354
40;Iter 5; 236.607828; 74.582388; 73.847139; 88.178301; 2791728; 2338192; 2714176; 2155904
40;Iter 6; 210.951155; 70.322281; 77.132273; 63.496601; 2791728; 2338192; 2714176; 2155904
40;Iter 7; 209.483114; 67.065786; 65.962677; 76.454651; 2791728; 2338192; 2714176; 2155904
40;Iter 8; 183.729364; 67.294205; 60.493276; 55.941883; 2791728; 2338192; 2714176; 2155904
40;Iter 9; 210.857391; 68.180974; 66.950945; 75.725472; 2791462; 2338458; 2714176; 2155904
40;Iter 10; 202.175455; 72.010108; 68.845342; 61.320005; 2791462; 2338458; 2714176; 2155904
40;Iter 11; 176.290935; 65.440747; 63.744805; 47.105383; 2791462; 2338458; 2714176; 2155904
40;Iter 12; 177.96921; 66.580342; 58.094128; 53.29474; 2791462; 2338458; 2714176; 2155904
40;Iter 13; 182.747578; 70.836061; 46.227734; 65.683783; 2791462; 2338458; 2714176; 2155904
40;Iter 14; 171.250334; 63.228525; 68.209801; 39.812008; 2791462; 2338458; 2714176; 2155904
40;Iter 15; 1066.334675; 58.384867; 57.168338; 950.78147; 2816405; 2380590; 2729384; 2073621
40;Iter 16; 200.083184; 58.094847; 86.570522; 55.417815; 2816695; 2380768; 2729777; 2072760
40;Iter 17; 144.617795; 48.325205; 56.700031; 39.592559; 2816695; 2380768; 2729777; 2072760
40;Iter 18; 183.676784; 60.878085; 58.267509; 64.53119; 2816695; 2380768; 2729777; 2072760
40;Iter 19; 197.030293; 69.074533; 50.756351; 77.199409; 2816145; 2381318; 2729777; 2072760
40;Init; 101711.547653 ms
40;Iter 0; 8169.541448; 5454.29545; 304.159767; 2411.086231; 2651883; 2331255; 2481842; 2535020
40;Iter 1; 365.474043; 120.127992; 112.328335; 133.017716; 2651883; 2331255; 2481745; 2535117
40;Iter 2; 286.000474; 86.60515; 98.236796; 101.158528; 2651883; 2331255; 2481745; 2535117
40;Iter 3; 490.69743; 95.605403; 76.31344; 318.778587; 2646201; 2332563; 2484677; 2536559
40;Iter 4; 1892.982736; 1605.963141; 83.178428; 203.841167; 2447735; 2357993; 2545643; 2648629
40;Iter 5; 242.745315; 83.077746; 78.244376; 81.423193; 2447735; 2357993; 2545643; 2648629
40;Iter 6; 225.085675; 74.504261; 85.942285; 64.639129; 2447735; 2357993; 2545545; 2648727
40;Iter 7; 223.294431; 68.005295; 75.324067; 79.965069; 2447735; 2357993; 2545545; 2648727
40;Iter 8; 724.846908; 72.061195; 217.061812; 435.723901; 2453726; 2377448; 2505664; 2663162
40;Iter 9; 245.71158; 79.857279; 77.822655; 88.031646; 2453726; 2377448; 2505664; 2663162
40;Iter 10; 218.191287; 71.851877; 71.88999; 74.44942; 2453726; 2377448; 2505664; 2663162
40;Iter 11; 201.949074; 66.331962; 65.574135; 70.042977; 2453726; 2377448; 2505664; 2663162
40;Iter 12; 213.514139; 67.008639; 78.493155; 68.012345; 2453726; 2377448; 2505664; 2663162
40;Iter 13; 198.12296; 85.917126; 63.337694; 48.86814; 2453726; 2377448; 2505664; 2663162
40;Iter 14; 165.552873; 58.958041; 65.393802; 41.20103; 2453726; 2377448; 2505664; 2663162
40;Iter 15; 215.354267; 63.146167; 87.380297; 64.827803; 2453726; 2377448; 2505606; 2663220
40;Iter 16; 166.33256; 57.996943; 50.597944; 57.737673; 2453726; 2377448; 2505606; 2663220
40;Iter 17; 175.326584; 57.507094; 58.105602; 59.713888; 2453726; 2377448; 2505606; 2663220
40;Iter 18; 195.444265; 69.654419; 68.93477; 56.855076; 2453726; 2377448; 2505660; 2663166
40;Iter 19; 164.535318; 63.076168; 58.67618; 42.78297; 2453726; 2377448; 2505660; 2663166
40;Init; 101641.448253 ms
40;Iter 0; 6685.627238; 4627.716393; 1821.707164; 236.203681; 2645670; 2379330; 2321700; 2653300
40;Iter 1; 375.05719; 131.647797; 98.915651; 144.493742; 2645670; 2379980; 2321700; 2652650
40;Iter 2; 306.036173; 90.389367; 102.876075; 112.770731; 2645670; 2379980; 2321700; 2652650
40;Iter 3; 1603.762633; 305.710485; 178.359051; 1119.693097; 2665718; 2286748; 2373960; 2673574
40;Iter 4; 787.156058; 73.537337; 72.311796; 641.306925; 2691668; 2217863; 2416895; 2673574
40;Iter 5; 225.68438; 74.762299; 69.275896; 81.646185; 2691668; 2217863; 2416895; 2673574
40;Iter 6; 218.09966; 70.754446; 73.169831; 74.175383; 2691668; 2217863; 2416895; 2673574
40;Iter 7; 208.295904; 68.898258; 76.395679; 63.001967; 2691598; 2217933; 2416895; 2673574
40;Iter 8; 197.681084; 68.861779; 60.823081; 67.996224; 2691598; 2217933; 2416895; 2673574
40;Iter 9; 209.012259; 57.622112; 75.067798; 76.322349; 2691598; 2217933; 2416895; 2673574
40;Iter 10; 203.789643; 68.285042; 66.583223; 68.921378; 2691598; 2217933; 2416895; 2673574
40;Iter 11; 213.203261; 74.020844; 69.996481; 69.185936; 2691598; 2217933; 2416895; 2673574
40;Iter 12; 196.193734; 63.542664; 72.955941; 59.695129; 2691598; 2217933; 2416895; 2673574
40;Iter 13; 201.682597; 73.786726; 60.630942; 67.264929; 2691598; 2217933; 2416895; 2673574
40;Iter 14; 186.381228; 63.773812; 56.785947; 65.821469; 2691598; 2217933; 2416895; 2673574
40;Iter 15; 183.663165; 58.532576; 61.844734; 63.285855; 2691598; 2217933; 2416895; 2673574
40;Iter 16; 179.806211; 66.375155; 50.426839; 63.004217; 2691598; 2217933; 2416895; 2673574
40;Iter 17; 201.422159; 56.057672; 72.997362; 72.367125; 2692798; 2216733; 2416895; 2673574
40;Iter 18; 180.278608; 64.282368; 55.660955; 60.335285; 2692798; 2216733; 2416895; 2673574
40;Iter 19; 191.552124; 62.936397; 63.197506; 65.418221; 2692798; 2216733; 2416895; 2673574
40;Init; 83132.598058 ms
40;Iter 0; 8611.869456; 5547.736825; 1639.786564; 1424.346067; 2876335; 2322410; 2284205; 2517050
40;Iter 1; 2067.311431; 1557.847137; 96.69183; 412.772464; 2950765; 2193610; 2435277; 2420348
40;Iter 2; 267.125497; 89.943233; 87.279561; 89.902703; 2950765; 2193610; 2435277; 2420348
40;Iter 3; 1051.76902; 97.099758; 869.343444; 85.325818; 3018175; 2292395; 2456997; 2232433
40;Iter 4; 236.854826; 65.363104; 75.593429; 95.898293; 3018285; 2292395; 2457417; 2231903
40;Iter 5; 226.322671; 72.498; 73.466577; 80.358094; 3018285; 2292395; 2457417; 2231903
40;Iter 6; 211.146241; 69.45863; 71.130905; 70.556706; 3018285; 2292395; 2457417; 2231903
40;Iter 7; 215.291547; 70.791036; 66.50177; 77.998741; 3018285; 2292395; 2457417; 2231903
40;Iter 8; 185.089598; 70.709136; 67.562187; 46.818275; 3018285; 2292395; 2457417; 2231903
40;Iter 9; 230.038649; 65.911062; 87.979179; 76.148408; 3018353; 2292327; 2457417; 2231903
40;Iter 10; 202.56243; 72.383381; 60.29065; 69.888399; 3018353; 2292327; 2457417; 2231903
40;Iter 11; 425.194524; 66.46977; 76.768496; 281.956258; 3018383; 2259607; 2462397; 2259613
40;Iter 12; 173.676136; 67.588987; 60.793979; 45.29317; 3018383; 2259607; 2462397; 2259613
40;Iter 13; 171.833931; 60.45732; 54.14912; 57.227491; 3018383; 2259607; 2462397; 2259613
40;Iter 14; 187.910079; 61.503927; 56.118874; 70.287278; 3017588; 2260402; 2462397; 2259613
40;Iter 15; 189.790822; 63.724639; 62.015785; 64.050398; 3017588; 2260402; 2462397; 2259613
40;Iter 16; 193.32527; 62.792602; 72.923889; 57.608779; 3017588; 2260402; 2462397; 2259613
40;Iter 17; 182.818885; 56.881762; 64.830905; 61.106218; 3017588; 2260402; 2462397; 2259613
40;Iter 18; 168.883083; 60.424261; 54.450429; 54.008393; 3017588; 2260402; 2462397; 2259613
40;Iter 19; 166.180404; 42.466227; 59.836743; 63.877434; 3017509; 2260481; 2462397; 2259613
100;Init; 76274.116902 ms
100;Iter 0; 21097.735519; 18990.662511; 1780.987016; 326.085992; 2781162; 2311900; 2503888; 2403050
100;Iter 1; 1886.754991; 370.946822; 1413.655888; 102.152281; 2841888; 2085263; 2644943; 2427906
100;Iter 2; 244.250643; 79.546596; 81.464554; 83.239493; 2841888; 2085263; 2644943; 2427906
100;Iter 3; 218.766888; 64.355434; 69.763291; 84.648163; 2841888; 2085263; 2644943; 2427906
100;Iter 4; 221.320397; 73.16547; 74.564998; 73.589929; 2841888; 2085263; 2644943; 2427906
100;Iter 5; 206.090175; 70.098041; 62.992335; 72.999799; 2841888; 2085263; 2644943; 2427906
100;Iter 6; 195.172057; 60.913466; 65.463878; 68.794713; 2841888; 2085263; 2644943; 2427906
100;Iter 7; 187.611188; 62.769113; 55.439913; 69.402162; 2841888; 2085263; 2644943; 2427906
100;Iter 8; 197.550873; 67.685465; 65.633958; 64.23145; 2841888; 2085263; 2644943; 2427906
100;Iter 9; 197.220973; 57.291631; 66.918915; 73.010427; 2841888; 2085263; 2644943; 2427906
100;Iter 10; 187.218302; 54.344655; 65.527478; 67.346169; 2841888; 2085263; 2644943; 2427906
100;Iter 11; 180.210079; 65.025414; 51.346711; 63.837954; 2841888; 2085263; 2644943; 2427906
100;Iter 12; 193.172232; 63.759014; 62.451855; 66.961363; 2841888; 2085263; 2644943; 2427906
100;Iter 13; 185.289487; 75.929158; 49.699412; 59.660917; 2841888; 2085263; 2644943; 2427906
100;Iter 14; 164.664139; 54.18991; 53.36857; 57.105659; 2841888; 2085263; 2644943; 2427906
100;Iter 15; 175.304813; 56.416279; 52.763391; 66.125143; 2841888; 2085263; 2644943; 2427906
100;Iter 16; 166.92435; 54.481375; 53.019057; 59.423918; 2841888; 2085263; 2644943; 2427906
100;Iter 17; 162.849776; 54.511335; 53.495177; 54.843264; 2841888; 2085263; 2644943; 2427906
100;Iter 18; 169.744325; 53.033537; 50.767341; 65.943447; 2841888; 2085263; 2644943; 2427906
100;Iter 19; 169.142266; 55.072144; 50.422721; 63.647401; 2841888; 2085263; 2644943; 2427906
100;Init; 101682.725898 ms
100;Iter 0; 10822.522748; 7316.676737; 1857.755685; 1648.090326; 2862525; 2143688; 2473687; 2520100
100;Iter 1; 299.116286; 106.86532; 101.23172; 91.019246; 2862525; 2143688; 2473687; 2520100
100;Iter 2; 291.199274; 96.042138; 99.045608; 96.111528; 2862525; 2143688; 2473687; 2520100
100;Iter 3; 241.529601; 81.340921; 75.994919; 84.193761; 2862525; 2143688; 2473687; 2520100
100;Iter 4; 213.378981; 58.203343; 73.270369; 81.905269; 2862525; 2143688; 2473687; 2520100
100;Iter 5; 203.136387; 69.919931; 63.782853; 69.433603; 2862525; 2143688; 2473687; 2520100
100;Iter 6; 202.552539; 60.394375; 73.589218; 68.568946; 2862525; 2143688; 2473687; 2520100
100;Iter 7; 203.165617; 63.163405; 66.833572; 73.16864; 2862525; 2143688; 2473687; 2520100
100;Iter 8; 191.534099; 60.890243; 64.76961; 65.874246; 2862525; 2143688; 2473687; 2520100
100;Iter 9; 210.535481; 62.774187; 63.388174; 84.37312; 2862525; 2143688; 2473687; 2520100
100;Iter 10; 193.262834; 61.670511; 60.929784; 70.662539; 2862525; 2143688; 2473687; 2520100
100;Iter 11; 191.402131; 64.679035; 59.740387; 66.982709; 2862525; 2143688; 2473687; 2520100
100;Iter 12; 186.771512; 62.43534; 60.632315; 63.703857; 2862525; 2143688; 2473687; 2520100
100;Iter 13; 193.214636; 77.933231; 57.315494; 57.965911; 2862525; 2143688; 2473687; 2520100
100;Iter 14; 167.730809; 55.720988; 48.860875; 63.148946; 2862525; 2143688; 2473687; 2520100
100;Iter 15; 173.440243; 55.754261; 56.047051; 61.638931; 2862525; 2143688; 2473687; 2520100
100;Iter 16; 162.155533; 51.958405; 52.379004; 57.818124; 2862525; 2143688; 2473687; 2520100
100;Iter 17; 170.610213; 56.41324; 59.157089; 55.039884; 2862525; 2143688; 2473687; 2520100
100;Iter 18; 202.40241; 56.351409; 68.631096; 77.419905; 2862525; 2143688; 2473687; 2520100
100;Iter 19; 187.007645; 70.168081; 56.690818; 60.148746; 2862525; 2143688; 2473687; 2520100
100;Init; 100097.043696 ms
100;Iter 0; 9849.37145; 5768.08168; 2559.192065; 1522.097705; 2620200; 2252525; 2664389; 2462886
100;Iter 1; 1714.44202; 1537.872888; 87.2724; 89.296732; 2640300; 2353607; 2489585; 2516508
100;Iter 2; 234.711308; 70.769718; 87.004597; 76.936993; 2640300; 2353607; 2489663; 2516430
100;Iter 3; 244.915724; 104.555573; 65.764341; 74.59581; 2640300; 2353607; 2489788; 2516305
100;Iter 4; 201.612854; 61.832781; 65.431963; 74.34811; 2640300; 2353607; 2489788; 2516305
100;Iter 5; 226.79214; 74.226441; 72.597174; 79.968525; 2640300; 2353607; 2489788; 2516305
100;Iter 6; 215.981844; 69.890602; 73.149862; 72.94138; 2640300; 2353607; 2489788; 2516305
100;Iter 7; 209.563154; 69.861391; 70.19287; 69.508893; 2640300; 2353607; 2489788; 2516305
100;Iter 8; 179.78915; 63.040166; 53.154051; 63.594933; 2640300; 2353607; 2489788; 2516305
100;Iter 9; 183.718186; 62.323568; 55.380003; 66.014615; 2640300; 2353607; 2489788; 2516305
100;Iter 10; 196.255452; 61.656561; 65.760376; 68.838515; 2640300; 2353607; 2489788; 2516305
100;Iter 11; 186.812636; 60.078357; 60.625374; 66.108905; 2640300; 2353607; 2489788; 2516305
100;Iter 12; 181.886153; 57.120336; 56.833318; 67.932499; 2640300; 2353607; 2489788; 2516305
100;Iter 13; 188.40221; 69.717412; 46.089286; 72.595512; 2640300; 2353607; 2489788; 2516305
100;Iter 14; 171.2746; 50.999458; 58.143304; 62.131838; 2640300; 2353607; 2489788; 2516305
100;Iter 15; 170.841383; 54.910815; 52.759482; 63.171086; 2640300; 2353607; 2489788; 2516305
100;Iter 16; 181.527335; 59.137129; 63.727126; 58.66308; 2640300; 2353607; 2489788; 2516305
100;Iter 17; 165.669326; 49.978282; 56.867634; 58.82341; 2640300; 2353607; 2489788; 2516305
100;Iter 18; 161.492387; 53.133164; 50.122772; 58.236451; 2640300; 2353607; 2489788; 2516305
100;Iter 19; 173.380357; 44.097868; 63.271078; 66.011411; 2640300; 2353607; 2489788; 2516305
100;Init; 82918.907929 ms
100;Iter 0; 8496.097694; 5146.115362; 1740.780487; 1609.201845; 2715949; 2428162; 2303707; 2552182
100;Iter 1; 280.744161; 87.0385; 100.596752; 93.108909; 2715949; 2428162; 2303707; 2552182
100;Iter 2; 224.029583; 75.063733; 70.747918; 78.217932; 2715949; 2428162; 2303707; 2552182
100;Iter 3; 224.724001; 65.501598; 78.51317; 80.709233; 2715949; 2428162; 2303707; 2552182
100;Iter 4; 201.095334; 57.135406; 69.578543; 74.381385; 2715949; 2428162; 2303707; 2552182
100;Iter 5; 225.048659; 77.797853; 78.73602; 68.514786; 2715949; 2428162; 2303707; 2552182
100;Iter 6; 239.237489; 76.283248; 87.3284; 75.625841; 2715949; 2428162; 2303707; 2552182
100;Iter 7; 204.184134; 64.62385; 66.876442; 72.683842; 2715949; 2428162; 2303707; 2552182
100;Iter 8; 193.257403; 63.176286; 61.927479; 68.153638; 2715949; 2428162; 2303707; 2552182
100;Iter 9; 176.641151; 62.719876; 48.0283; 65.892975; 2715949; 2428162; 2303707; 2552182
100;Iter 10; 171.105391; 54.466156; 52.665143; 63.974092; 2715949; 2428162; 2303707; 2552182
100;Iter 11; 186.619406; 65.616347; 54.593916; 66.409143; 2715949; 2428162; 2303707; 2552182
100;Iter 12; 165.777141; 50.65248; 49.550384; 65.574277; 2715949; 2428162; 2303707; 2552182
100;Iter 13; 176.011807; 69.672172; 52.226604; 54.113031; 2715949; 2428162; 2303707; 2552182
100;Iter 14; 161.433565; 59.565089; 42.729895; 59.138581; 2715949; 2428162; 2303707; 2552182
100;Iter 15; 156.057999; 56.490263; 41.949238; 57.618498; 2715949; 2428162; 2303707; 2552182
100;Iter 16; 170.888491; 57.852797; 52.220252; 60.815442; 2715949; 2428162; 2303707; 2552182
100;Iter 17; 163.637334; 56.175074; 51.550205; 55.912055; 2715949; 2428162; 2303707; 2552182
100;Iter 18; 161.922242; 54.453432; 52.424851; 55.043959; 2715949; 2428162; 2303707; 2552182
100;Iter 19; 174.108825; 56.505902; 48.674838; 68.928085; 2715949; 2428162; 2303707; 2552182
100;Init; 101459.443385 ms
100;Iter 0; 9905.913191; 5685.51085; 2638.187653; 1582.214688; 2711262; 2354750; 2324851; 2609137
100;Iter 1; 1856.139026; 1678.620038; 87.634356; 89.884632; 2775675; 2407425; 2372520; 2444380
100;Iter 2; 239.883155; 75.717033; 77.94093; 86.225192; 2775675; 2407425; 2372520; 2444380
100;Iter 3; 235.708094; 74.977322; 64.579619; 96.151153; 2776314; 2406786; 2372520; 2444380
100;Iter 4; 206.395399; 67.676474; 64.156369; 74.562556; 2776314; 2406786; 2372520; 2444380
100;Iter 5; 210.825227; 68.951897; 68.395145; 73.478185; 2776314; 2406786; 2372520; 2444380
100;Iter 6; 202.785363; 64.452439; 65.974431; 72.358493; 2776314; 2406786; 2372520; 2444380
100;Iter 7; 194.743109; 60.047131; 69.623588; 65.07239; 2776314; 2406786; 2372520; 2444380
100;Iter 8; 189.881261; 60.527223; 63.398297; 65.955741; 2776314; 2406786; 2372520; 2444380
100;Iter 9; 210.128726; 68.675186; 64.332889; 77.120651; 2776314; 2406786; 2372520; 2444380
100;Iter 10; 188.78268; 62.764586; 60.913024; 65.10507; 2776314; 2406786; 2372520; 2444380
100;Iter 11; 184.925362; 64.959809; 55.872175; 64.093378; 2776314; 2406786; 2372520; 2444380
100;Iter 12; 179.545466; 61.123443; 56.274256; 62.147767; 2776314; 2406786; 2372520; 2444380
100;Iter 13; 177.402598; 68.273094; 52.986342; 56.143162; 2776314; 2406786; 2372520; 2444380
100;Iter 14; 168.275443; 53.759694; 56.607283; 57.908466; 2776314; 2406786; 2372520; 2444380
100;Iter 15; 162.653328; 56.141441; 51.385829; 55.126058; 2776314; 2406786; 2372520; 2444380
100;Iter 16; 155.373489; 48.402981; 50.928117; 56.042391; 2776314; 2406786; 2372520; 2444380
100;Iter 17; 159.399589; 52.469892; 52.865752; 54.063945; 2776314; 2406786; 2372520; 2444380
100;Iter 18; 175.906145; 60.84322; 58.72697; 56.335955; 2776314; 2406786; 2372520; 2444380
100;Iter 19; 172.487642; 53.289131; 55.819254; 63.379257; 2776314; 2406786; 2372520; 2444380
200;Init; 82943.814106 ms
200;Iter 0; 10539.266713; 6711.428149; 2101.09474; 1726.743824; 2654900; 2500000; 2384700; 2460400
200;Iter 1; 2250.875236; 2067.579195; 99.778564; 83.517477; 2771713; 2535100; 2307687; 2385500
200;Iter 2; 235.527244; 64.056728; 80.619816; 90.8507; 2771713; 2535100; 2307687; 2385500
200;Iter 3; 217.256886; 74.968063; 70.454441; 71.834382; 2771713; 2535100; 2307687; 2385500
200;Iter 4; 185.307252; 61.404877; 56.860765; 67.04161; 2771713; 2535100; 2307687; 2385500
200;Iter 5; 195.116286; 65.897539; 60.798447; 68.4203; 2771713; 2535100; 2307687; 2385500
200;Iter 6; 204.07055; 64.818178; 72.725673; 66.526699; 2771713; 2535100; 2307687; 2385500
200;Iter 7; 182.744691; 55.414315; 56.277355; 71.053021; 2771713; 2535100; 2307687; 2385500
200;Iter 8; 182.3352; 59.342146; 56.190675; 66.802379; 2771713; 2535100; 2307687; 2385500
200;Iter 9; 182.191651; 55.966025; 49.220292; 77.005334; 2771713; 2535100; 2307687; 2385500
200;Iter 10; 180.59353; 57.112156; 57.198135; 66.283239; 2771713; 2535100; 2307687; 2385500
200;Iter 11; 164.480703; 51.594753; 50.226442; 62.659508; 2771713; 2535100; 2307687; 2385500
200;Iter 12; 170.152436; 58.004116; 50.817423; 61.330897; 2771713; 2535100; 2307687; 2385500
200;Iter 13; 166.675064; 60.191637; 50.568262; 55.915165; 2771713; 2535100; 2307687; 2385500
200;Iter 14; 152.100728; 49.828952; 46.209181; 56.062595; 2771713; 2535100; 2307687; 2385500
200;Iter 15; 148.307206; 45.944291; 46.36026; 56.002655; 2771713; 2535100; 2307687; 2385500
200;Iter 16; 142.564253; 39.306017; 49.221052; 54.037184; 2771713; 2535100; 2307687; 2385500
200;Iter 17; 150.785707; 48.573122; 50.821282; 51.391303; 2771713; 2535100; 2307687; 2385500
200;Iter 18; 156.153509; 52.712164; 45.66447; 57.776875; 2771713; 2535100; 2307687; 2385500
200;Iter 19; 156.919549; 48.463441; 49.145172; 59.310936; 2771713; 2535100; 2307687; 2385500
200;Init; 102208.607775 ms
200;Iter 0; 9280.262247; 6257.940583; 2027.60223; 994.719434; 2648325; 2640856; 2236175; 2474644
200;Iter 1; 246.255468; 80.272647; 81.236189; 84.746632; 2648325; 2640856; 2236175; 2474644
200;Iter 2; 256.815024; 75.742041; 75.789031; 105.283952; 2648325; 2640156; 2236175; 2475344
200;Iter 3; 217.571989; 68.952997; 66.146638; 82.472354; 2648325; 2640156; 2236175; 2475344
200;Iter 4; 499.384949; 340.864775; 68.451624; 90.06855; 2649375; 2637306; 2236475; 2476844
200;Iter 5; 204.187727; 67.888021; 69.028537; 67.271169; 2649375; 2637306; 2236475; 2476844
200;Iter 6; 205.436303; 71.097166; 78.944061; 55.395076; 2649375; 2637306; 2236475; 2476844
200;Iter 7; 198.007642; 74.29159; 58.114208; 65.601844; 2649375; 2637306; 2236475; 2476844
200;Iter 8; 167.595257; 52.703392; 58.17007; 56.721795; 2649375; 2637306; 2236475; 2476844
200;Iter 9; 179.889269; 54.943949; 55.872603; 69.072717; 2649375; 2637306; 2236475; 2476844
200;Iter 10; 191.566449; 66.7516; 63.050897; 61.763952; 2649375; 2637306; 2236475; 2476844
200;Iter 11; 184.909017; 60.103547; 55.684152; 69.121318; 2649375; 2637306; 2236475; 2476844
200;Iter 12; 161.209285; 56.654045; 44.490064; 60.065176; 2649375; 2637306; 2236475; 2476844
200;Iter 13; 172.181363; 64.955464; 53.061902; 54.163997; 2649375; 2637306; 2236475; 2476844
200;Iter 14; 150.80029; 48.868609; 47.668204; 54.263477; 2649375; 2637306; 2236475; 2476844
200;Iter 15; 152.489765; 50.792805; 44.820974; 56.875986; 2649375; 2637306; 2236475; 2476844
200;Iter 16; 1687.453699; 1576.347307; 60.93647; 50.169922; 2680012; 2552294; 2267750; 2499944
200;Iter 17; 152.306074; 51.469847; 49.805941; 51.030286; 2680012; 2552294; 2267750; 2499944
200;Iter 18; 148.886713; 52.773522; 44.764584; 51.348607; 2680012; 2552294; 2267750; 2499944
200;Iter 19; 156.9545; 53.887795; 47.322883; 55.743822; 2680012; 2552294; 2267750; 2499944
200;Init; 100746.299453 ms
200;Iter 0; 9296.148914; 6448.322388; 1515.947182; 1331.879344; 2450638; 2412350; 2629062; 2507950
200;Iter 1; 2170.06454; 2007.228666; 83.420107; 79.415767; 2306394; 2456594; 2686512; 2550500
200;Iter 2; 806.093068; 84.723483; 82.382209; 638.987376; 2332793; 2473944; 2634038; 2559225
200;Iter 3; 198.475883; 63.343488; 65.692822; 69.439573; 2332793; 2473944; 2634038; 2559225
200;Iter 4; 186.709723; 59.027009; 63.513758; 64.168956; 2332793; 2473944; 2634038; 2559225
200;Iter 5; 217.413204; 67.193058; 88.893803; 61.326343; 2333643; 2473094; 2634038; 2559225
200;Iter 6; 201.752884; 58.64957; 78.715959; 64.387355; 2333643; 2473644; 2634038; 2558675
200;Iter 7; 189.799954; 59.034779; 65.195213; 65.569962; 2333643; 2473644; 2634038; 2558675
200;Iter 8; 180.701917; 62.614449; 55.949357; 62.138111; 2333643; 2473644; 2634038; 2558675
200;Iter 9; 168.378139; 54.449861; 48.261206; 65.667072; 2333643; 2473644; 2634038; 2558675
200;Iter 10; 173.956445; 54.354891; 60.277846; 59.323708; 2333643; 2473644; 2634038; 2558675
200;Iter 11; 171.67253; 54.086421; 54.614981; 62.971128; 2333643; 2473644; 2634038; 2558675
200;Iter 12; 178.700113; 55.847587; 60.995734; 61.856792; 2333643; 2473644; 2634038; 2558675
200;Iter 13; 170.194525; 61.745022; 50.86567; 57.583833; 2333643; 2473644; 2634038; 2558675
200;Iter 14; 148.62534; 50.099022; 46.8981; 51.628218; 2333643; 2473644; 2634038; 2558675
200;Iter 15; 147.602673; 47.444649; 47.145529; 53.012495; 2333643; 2473644; 2634038; 2558675
200;Iter 16; 138.224827; 46.474091; 38.562312; 53.188424; 2333643; 2473644; 2634038; 2558675
200;Iter 17; 140.75344; 47.017339; 44.467837; 49.268264; 2333643; 2473644; 2634038; 2558675
200;Iter 18; 134.264027; 44.484106; 39.40277; 50.377151; 2333643; 2473644; 2634038; 2558675
200;Iter 19; 148.80729; 45.320575; 47.644748; 55.841967; 2333643; 2473644; 2634038; 2558675
200;Init; 101616.393688 ms
200;Iter 0; 9960.318866; 5936.389656; 2649.339492; 1374.589718; 2837050; 2226375; 2135100; 2801475
200;Iter 1; 1152.632503; 983.282628; 80.932005; 88.41787; 3006850; 2241475; 2150200; 2601475
200;Iter 2; 225.185145; 76.288548; 67.713902; 81.182695; 3006850; 2241475; 2150200; 2601475
200;Iter 3; 212.943571; 71.73259; 65.940683; 75.270298; 3006850; 2241475; 2150200; 2601475
200;Iter 4; 190.420635; 61.334425; 62.907185; 66.179025; 3006850; 2241475; 2150200; 2601475
200;Iter 5; 211.328454; 68.312801; 76.357083; 66.65857; 3006700; 2241625; 2150200; 2601475
200;Iter 6; 181.91522; 61.045967; 63.864108; 57.005145; 3006700; 2241625; 2150200; 2601475
200;Iter 7; 171.979126; 50.454512; 57.802176; 63.722438; 3006700; 2241625; 2150200; 2601475
200;Iter 8; 171.349426; 55.939495; 50.107822; 65.302109; 3006700; 2241625; 2150200; 2601475
200;Iter 9; 177.896019; 55.124885; 59.943116; 62.828018; 3006700; 2241625; 2150200; 2601475
200;Iter 10; 174.117886; 57.137705; 54.490014; 62.490167; 3006700; 2241625; 2150200; 2601475
200;Iter 11; 172.337057; 53.852674; 56.321115; 62.163268; 3006700; 2241625; 2150200; 2601475
200;Iter 12; 176.690338; 52.011353; 60.998607; 63.680378; 3006700; 2241625; 2150200; 2601475
200;Iter 13; 165.683964; 61.465027; 52.271664; 51.947273; 3006700; 2241625; 2150200; 2601475
200;Iter 14; 154.905139; 51.722023; 45.79689; 57.386226; 3006700; 2241625; 2150200; 2601475
200;Iter 15; 147.492142; 48.014258; 47.532183; 51.945701; 3006700; 2241625; 2150200; 2601475
200;Iter 16; 157.887472; 41.175677; 59.111757; 57.600038; 3006700; 2241625; 2150200; 2601475
200;Iter 17; 143.799689; 50.652341; 41.500377; 51.646971; 3006700; 2241625; 2150200; 2601475
200;Iter 18; 150.188657; 49.716703; 50.447742; 50.024212; 3006700; 2241625; 2150200; 2601475
200;Iter 19; 155.053114; 55.37927; 44.630945; 55.042899; 3006700; 2241625; 2150200; 2601475
200;Init; 84880.064707 ms
200;Iter 0; 7674.449346; 4019.643029; 2012.87655; 1641.929767; 2727750; 2389575; 2556500; 2326175
200;Iter 1; 252.845802; 83.969274; 90.430872; 78.445656; 2727750; 2389575; 2556500; 2326175
200;Iter 2; 227.249799; 64.42794; 82.029865; 80.791994; 2727750; 2389575; 2556500; 2326175
200;Iter 3; 220.511521; 71.746457; 75.384777; 73.380287; 2727750; 2389575; 2556500; 2326175
200;Iter 4; 206.779041; 59.708402; 73.674905; 73.395734; 2727750; 2389575; 2556500; 2326175
200;Iter 5; 174.128312; 66.652543; 56.308966; 51.166803; 2727750; 2389575; 2556500; 2326175
200;Iter 6; 199.726238; 64.583195; 71.398467; 63.744576; 2727750; 2389575; 2556500; 2326175
200;Iter 7; 207.640218; 66.890572; 74.199003; 66.550643; 2727750; 2389575; 2556500; 2326175
200;Iter 8; 193.831286; 57.447545; 57.363185; 79.020556; 2727750; 2389163; 2556500; 2326587
200;Iter 9; 159.029052; 55.350528; 51.625312; 52.053212; 2727750; 2389163; 2556500; 2326587
200;Iter 10; 180.703373; 54.380688; 60.572561; 65.750124; 2727750; 2389163; 2556500; 2326587
200;Iter 11; 189.017143; 67.661981; 58.871003; 62.484159; 2727750; 2389163; 2556500; 2326587
200;Iter 12; 172.396905; 61.17787; 50.834134; 60.384901; 2727750; 2389163; 2556500; 2326587
200;Iter 13; 170.756486; 59.365772; 57.528945; 53.861769; 2727750; 2389163; 2556500; 2326587
200;Iter 14; 157.375459; 49.878635; 50.804843; 56.691981; 2727750; 2389163; 2556500; 2326587
200;Iter 15; 157.884491; 53.175883; 48.133365; 56.575243; 2727750; 2389163; 2556500; 2326587
200;Iter 16; 159.972761; 52.700534; 48.515045; 58.757182; 2727750; 2389163; 2556500; 2326587
200;Iter 17; 136.508628; 41.626037; 43.961657; 50.920934; 2727750; 2389163; 2556500; 2326587
200;Iter 18; 149.019464; 49.443505; 47.884565; 51.691394; 2727750; 2389163; 2556500; 2326587
200;Iter 19; 166.224048; 48.513915; 47.456705; 70.253428; 2727750; 2389163; 2556500; 2326587
1000;Init; 80229.701935 ms
1000;Iter 0; 12824.052201; 9060.223148; 2047.808502; 1716.020551; 2856250; 2225250; 2126250; 2792250
1000;Iter 1; 232.466809; 77.712151; 78.821208; 75.93345; 2856250; 2225250; 2126250; 2792250
1000;Iter 2; 202.696509; 66.532514; 64.43; 71.733995; 2856250; 2225250; 2126250; 2792250
1000;Iter 3; 398.105744; 286.337391; 55.326184; 56.442169; 2856250; 2225250; 2126250; 2792250
1000;Iter 4; 173.420353; 57.000027; 60.409835; 56.010491; 2856250; 2225250; 2126250; 2792250
1000;Iter 5; 167.706552; 63.867163; 49.975527; 53.863862; 2856250; 2225250; 2126250; 2792250
1000;Iter 6; 166.317664; 53.065594; 64.098816; 49.153254; 2856250; 2225250; 2126250; 2792250
1000;Iter 7; 149.454638; 54.86228; 45.840203; 48.752155; 2856250; 2225250; 2126250; 2792250
1000;Iter 8; 154.669094; 58.330401; 48.606825; 47.731868; 2856250; 2225250; 2126250; 2792250
1000;Iter 9; 146.576995; 49.453984; 46.59899; 50.524021; 2856250; 2225250; 2126250; 2792250
1000;Iter 10; 144.69111; 48.779155; 48.899895; 47.01206; 2856250; 2225250; 2126250; 2792250
1000;Iter 11; 137.734948; 53.096824; 40.936235; 43.701889; 2856250; 2225250; 2126250; 2792250
1000;Iter 12; 152.663619; 55.756927; 52.180937; 44.725755; 2856250; 2225250; 2126250; 2792250
1000;Iter 13; 142.485675; 54.75668; 48.038797; 39.690198; 2856250; 2225250; 2126250; 2792250
1000;Iter 14; 149.403838; 71.387278; 43.368889; 34.647671; 2854500; 2227000; 2126250; 2792250
1000;Iter 15; 122.078037; 41.566203; 41.556784; 38.95505; 2854500; 2227000; 2126250; 2792250
1000;Iter 16; 122.052098; 48.645676; 35.692659; 37.713763; 2854500; 2227000; 2126250; 2792250
1000;Iter 17; 125.26096; 45.380474; 41.082135; 38.798351; 2854500; 2227000; 2126250; 2792250
1000;Iter 18; 125.592459; 46.196442; 43.708328; 35.687689; 2854500; 2227000; 2126250; 2792250
1000;Iter 19; 126.184278; 44.971005; 41.963873; 39.2494; 2854500; 2227000; 2126250; 2792250
1000;Init; 83772.337888 ms
1000;Iter 0; 7817.322174; 3282.128667; 3781.871857; 753.32165; 2521000; 2528750; 2304500; 2645750
1000;Iter 1; 421.72091; 237.39043; 110.307979; 74.022501; 2526000; 2523750; 2304500; 2645750
1000;Iter 2; 2321.77063; 2184.821036; 70.103981; 66.845613; 2326000; 2554750; 2361750; 2757500
1000;Iter 3; 178.638997; 60.902659; 55.211725; 62.524613; 2326000; 2554750; 2361750; 2757500
1000;Iter 4; 173.298613; 56.004756; 59.110895; 58.182962; 2326000; 2554750; 2361750; 2757500
1000;Iter 5; 175.342278; 63.795585; 51.448056; 60.098637; 2326000; 2554750; 2361750; 2757500
1000;Iter 6; 164.481692; 54.077972; 61.33344; 49.07028; 2326000; 2554750; 2361750; 2757500
1000;Iter 7; 147.974341; 53.218309; 48.538519; 46.217513; 2326000; 2554750; 2361750; 2757500
1000;Iter 8; 150.139446; 50.551243; 50.586924; 49.001279; 2326000; 2554750; 2361750; 2757500
1000;Iter 9; 156.053511; 48.304958; 41.828482; 65.920071; 2326000; 2554750; 2361750; 2757500
1000;Iter 10; 169.638224; 69.5001; 54.409642; 45.728482; 2326000; 2554750; 2361750; 2757500
1000;Iter 11; 149.331525; 47.495756; 51.897217; 49.938552; 2326000; 2554750; 2361750; 2757500
1000;Iter 12; 149.121444; 57.41065; 47.769337; 43.941457; 2326000; 2554750; 2361750; 2757500
1000;Iter 13; 132.290083; 56.986649; 39.812068; 35.491366; 2326000; 2554750; 2361750; 2757500
1000;Iter 14; 147.774611; 68.513847; 41.285461; 37.975303; 2328250; 2552500; 2361750; 2757500
1000;Iter 15; 125.322146; 48.100688; 38.426893; 38.794565; 2328250; 2552500; 2361750; 2757500
1000;Iter 16; 118.629019; 45.27905; 38.191304; 35.158665; 2328250; 2552500; 2361750; 2757500
1000;Iter 17; 124.865335; 44.315138; 38.926205; 41.623992; 2328250; 2552500; 2361750; 2757500
1000;Iter 18; 116.050194; 42.422764; 37.06338; 36.56405; 2328250; 2552500; 2361750; 2757500
1000;Iter 19; 138.306238; 42.708085; 44.309248; 51.288905; 2328250; 2552500; 2361750; 2757500
1000;Init; 101501.721211 ms
1000;Iter 0; 12336.826667; 9061.68038; 2019.230949; 1255.915338; 2629250; 2283750; 2504000; 2583000
1000;Iter 1; 2096.680178; 1958.176112; 68.563134; 69.940932; 2462000; 2382750; 2542250; 2613000
1000;Iter 2; 205.830764; 64.297276; 67.227578; 74.30591; 2462000; 2382750; 2542250; 2613000
1000;Iter 3; 170.413794; 54.542381; 51.533458; 64.337955; 2462000; 2382750; 2542250; 2613000
1000;Iter 4; 169.352677; 56.773855; 53.754822; 58.824; 2462000; 2382750; 2542250; 2613000
1000;Iter 5; 161.741526; 61.923451; 50.92237; 48.895705; 2462000; 2382750; 2542250; 2613000
1000;Iter 6; 165.761466; 57.708592; 56.210706; 51.842168; 2462000; 2382750; 2542250; 2613000
1000;Iter 7; 152.048261; 49.497493; 53.531473; 49.019295; 2462000; 2382750; 2542250; 2613000
1000;Iter 8; 153.759507; 55.034449; 52.273817; 46.451241; 2462000; 2382750; 2542250; 2613000
1000;Iter 9; 152.224051; 48.808136; 45.038314; 58.377601; 2462000; 2382750; 2542250; 2613000
1000;Iter 10; 133.241809; 46.385962; 42.95066; 43.905187; 2462000; 2382750; 2542250; 2613000
1000;Iter 11; 139.602303; 48.682396; 47.850497; 43.06941; 2462000; 2382750; 2542250; 2613000
1000;Iter 12; 134.191316; 45.670453; 46.281971; 42.238892; 2462000; 2382750; 2542250; 2613000
1000;Iter 13; 131.828853; 53.117274; 40.309137; 38.402442; 2462000; 2382750; 2542250; 2613000
1000;Iter 14; 124.472782; 46.261962; 37.705653; 40.505167; 2462000; 2382750; 2542250; 2613000
1000;Iter 15; 124.595711; 42.057662; 43.576489; 38.96156; 2462000; 2382750; 2542250; 2613000
1000;Iter 16; 123.723614; 43.482249; 42.114212; 38.127153; 2462000; 2382750; 2542250; 2613000
1000;Iter 17; 120.298763; 42.874171; 36.572496; 40.852096; 2462000; 2382750; 2542250; 2613000
1000;Iter 18; 125.33107; 45.009625; 43.08057; 37.240875; 2462000; 2382750; 2542250; 2613000
1000;Iter 19; 134.925045; 46.265042; 45.940642; 42.719361; 2462000; 2382750; 2542250; 2613000
1000;Init; 100979.996095 ms
1000;Iter 0; 11607.804748; 8134.086205; 2245.383398; 1228.335145; 2782750; 2422000; 2425500; 2369750
1000;Iter 1; 1062.403808; 907.703874; 78.548396; 76.151538; 2798250; 2314250; 2514250; 2373250
1000;Iter 2; 191.973813; 64.269464; 62.597715; 65.106634; 2798250; 2314250; 2514250; 2373250
1000;Iter 3; 172.459704; 61.490455; 54.58381; 56.385439; 2798250; 2314250; 2514250; 2373250
1000;Iter 4; 163.13803; 53.542341; 52.066521; 57.529168; 2798250; 2314250; 2514250; 2373250
1000;Iter 5; 181.684358; 65.011963; 53.98203; 62.690365; 2798250; 2314250; 2514250; 2373250
1000;Iter 6; 177.111971; 60.595696; 63.501295; 53.01498; 2798250; 2314250; 2514250; 2373250
1000;Iter 7; 155.531084; 51.513382; 50.616492; 53.40121; 2798250; 2314250; 2514250; 2373250
1000;Iter 8; 150.001557; 51.854252; 46.944193; 51.203112; 2798250; 2314250; 2514250; 2373250
1000;Iter 9; 149.050397; 51.698201; 44.384636; 52.96756; 2798250; 2314250; 2514250; 2373250
1000;Iter 10; 135.135385; 49.191932; 41.326517; 44.616936; 2798250; 2314250; 2514250; 2373250
1000;Iter 11; 144.215765; 49.551482; 45.318141; 49.346142; 2798250; 2314250; 2514250; 2373250
1000;Iter 12; 138.656001; 50.865182; 46.966941; 40.823878; 2798250; 2314250; 2514250; 2373250
1000;Iter 13; 125.556425; 49.283562; 39.813017; 36.459846; 2798250; 2314250; 2514250; 2373250
1000;Iter 14; 125.426315; 41.268048; 45.03571; 39.122557; 2798250; 2314250; 2514250; 2373250
1000;Iter 15; 140.848612; 57.037875; 46.83121; 36.979527; 2798250; 2314250; 2514250; 2373250
1000;Iter 16; 118.328182; 38.275257; 42.426889; 37.626036; 2798250; 2314250; 2514250; 2373250
1000;Iter 17; 117.027851; 43.830979; 34.853566; 38.343306; 2798250; 2314250; 2514250; 2373250
1000;Iter 18; 143.592955; 46.016459; 38.257209; 59.319287; 2799250; 2314250; 2513250; 2373250
1000;Iter 19; 122.849752; 42.700496; 37.451109; 42.698147; 2799250; 2314250; 2513250; 2373250
1000;Init; 101357.090859 ms
1000;Iter 0; 8884.348425; 5341.50706; 2071.538598; 1471.302767; 2667625; 2485625; 2705750; 2141000
1000;Iter 1; 1949.062075; 1807.653487; 71.989336; 69.419252; 2683125; 2285625; 2839250; 2192000
1000;Iter 2; 198.661683; 70.923848; 63.864637; 63.873198; 2683125; 2285625; 2839250; 2192000
1000;Iter 3; 169.080426; 54.391245; 54.075876; 60.613305; 2683125; 2285625; 2839250; 2192000
1000;Iter 4; 173.10865; 59.650887; 55.957313; 57.50045; 2683125; 2285625; 2839250; 2192000
1000;Iter 5; 163.935155; 54.730675; 53.257497; 55.946983; 2683125; 2285625; 2839250; 2192000
1000;Iter 6; 168.832897; 48.224775; 63.135411; 57.472711; 2683125; 2285625; 2839250; 2192000
1000;Iter 7; 154.916709; 51.58299; 52.074189; 51.25953; 2683125; 2285625; 2839250; 2192000
1000;Iter 8; 147.514831; 53.470692; 48.343476; 45.700663; 2683125; 2285625; 2839250; 2192000
1000;Iter 9; 142.043937; 49.950192; 43.787058; 48.306687; 2683125; 2285625; 2839250; 2192000
1000;Iter 10; 135.151774; 43.421819; 47.498718; 44.231237; 2683125; 2285625; 2839250; 2192000
1000;Iter 11; 137.266069; 47.069319; 43.10464; 47.09211; 2683125; 2285625; 2839250; 2192000
1000;Iter 12; 130.563777; 49.758773; 43.02126; 37.783744; 2683125; 2285625; 2839250; 2192000
1000;Iter 13; 136.71946; 62.275061; 38.303572; 36.140827; 2683125; 2285625; 2839250; 2192000
1000;Iter 14; 122.535747; 45.994712; 38.394502; 38.146533; 2683125; 2285625; 2839250; 2192000
1000;Iter 15; 116.133203; 39.940668; 40.170787; 36.021748; 2683125; 2285625; 2839250; 2192000
1000;Iter 16; 155.494243; 42.388712; 75.633667; 37.471864; 2684375; 2284375; 2839250; 2192000
1000;Iter 17; 113.08844; 39.464299; 36.131567; 37.492574; 2684375; 2284375; 2839250; 2192000
1000;Iter 18; 120.134473; 45.759443; 40.327397; 34.047633; 2684375; 2284375; 2839250; 2192000
1000;Iter 19; 123.180245; 40.396587; 39.632598; 43.15106; 2684375; 2284375; 2839250; 2192000
10000;Init; 100647.749115 ms
10000;Iter 0; 5201.677647; 4185.139847; 668.422242; 348.115558; 2500000; 2500000; 2500000; 2500000
10000;Iter 1; 1937.631619; 1182.26171; 527.948775; 227.421134; 2500000; 2500000; 2500000; 2500000
10000;Iter 2; 1888.440027; 1145.263441; 523.430588; 219.745998; 2500000; 2500000; 2500000; 2500000
10000;Iter 3; 1869.088988; 1140.962289; 517.419536; 210.707163; 2500000; 2500000; 2500000; 2500000
10000;Iter 4; 1830.93341; 1127.270671; 502.650863; 201.011876; 2500000; 2500000; 2500000; 2500000
10000;Iter 5; 1810.052921; 1124.480336; 492.224116; 193.348469; 2500000; 2500000; 2500000; 2500000
10000;Iter 6; 1848.695045; 1130.221776; 519.88038; 198.592889; 2500000; 2500000; 2500000; 2500000
10000;Iter 7; 1780.925337; 1116.678865; 477.058337; 187.188135; 2500000; 2500000; 2500000; 2500000
10000;Iter 8; 1744.935315; 1089.076996; 478.453955; 177.404364; 2500000; 2500000; 2500000; 2500000
10000;Iter 9; 1680.878292; 1024.199088; 480.336342; 176.342862; 2500000; 2500000; 2500000; 2500000
10000;Iter 10; 1720.842441; 1037.338717; 498.997197; 184.506527; 2500000; 2500000; 2500000; 2500000
10000;Iter 11; 1689.049094; 1052.286486; 466.516443; 170.246165; 2500000; 2500000; 2500000; 2500000
10000;Iter 12; 1665.807471; 1020.112651; 471.408017; 174.286803; 2500000; 2500000; 2500000; 2500000
10000;Iter 13; 1672.145368; 1027.632878; 476.932053; 167.580437; 2500000; 2500000; 2500000; 2500000
10000;Iter 14; 1649.351212; 1021.998869; 461.690071; 165.662272; 2500000; 2500000; 2500000; 2500000
10000;Iter 15; 1647.9504; 1018.697161; 460.277134; 168.976105; 2500000; 2500000; 2500000; 2500000
10000;Iter 16; 1643.880443; 1019.62869; 458.157076; 166.094677; 2500000; 2500000; 2500000; 2500000
10000;Iter 17; 1635.680002; 1015.733887; 454.815022; 165.131093; 2500000; 2500000; 2500000; 2500000
10000;Iter 18; 1653.735068; 1014.337324; 473.415126; 165.982618; 2500000; 2500000; 2500000; 2500000
10000;Iter 19; 1656.456766; 1015.96431; 472.87257; 167.619886; 2500000; 2500000; 2500000; 2500000
10000;Init; 101222.245945 ms
10000;Iter 0; 5131.185847; 4109.028642; 674.510624; 347.646581; 2500000; 2500000; 2500000; 2500000
10000;Iter 1; 1901.955746; 1158.126218; 520.554589; 223.274939; 2500000; 2500000; 2500000; 2500000
10000;Iter 2; 1828.705393; 1106.186116; 511.676806; 210.842471; 2500000; 2500000; 2500000; 2500000
10000;Iter 3; 1791.960917; 1097.930692; 492.76501; 201.265215; 2500000; 2500000; 2500000; 2500000
10000;Iter 4; 1791.337996; 1094.391201; 493.210539; 203.736256; 2500000; 2500000; 2500000; 2500000
10000;Iter 5; 1796.054851; 1103.500912; 493.478148; 199.075791; 2500000; 2500000; 2500000; 2500000
10000;Iter 6; 1777.412714; 1095.889177; 489.785347; 191.73819; 2500000; 2500000; 2500000; 2500000
10000;Iter 7; 1758.02214; 1094.576821; 480.244081; 183.201238; 2500000; 2500000; 2500000; 2500000
10000;Iter 8; 1747.434846; 1088.89594; 474.804476; 183.73443; 2500000; 2500000; 2500000; 2500000
10000;Iter 9; 1662.248788; 1013.726017; 464.182763; 184.340008; 2500000; 2500000; 2500000; 2500000
10000;Iter 10; 1701.551588; 1029.295449; 487.605251; 184.650888; 2500000; 2500000; 2500000; 2500000
10000;Iter 11; 1654.249559; 1012.981769; 463.794254; 177.473536; 2500000; 2500000; 2500000; 2500000
10000;Iter 12; 1678.364757; 1015.620182; 480.176162; 182.568413; 2500000; 2500000; 2500000; 2500000
10000;Iter 13; 1665.403096; 1025.288773; 463.339095; 176.775228; 2500000; 2500000; 2500000; 2500000
10000;Iter 14; 1659.674005; 1013.970106; 473.22029; 172.483609; 2500000; 2500000; 2500000; 2500000
10000;Iter 15; 1657.628722; 1010.022347; 473.883998; 173.722377; 2500000; 2500000; 2500000; 2500000
10000;Iter 16; 1642.943148; 1011.802873; 458.391737; 172.748538; 2500000; 2500000; 2500000; 2500000
10000;Iter 17; 1660.417544; 1012.348181; 474.670416; 173.398947; 2500000; 2500000; 2500000; 2500000
10000;Iter 18; 1679.672714; 1015.941852; 481.302477; 182.428385; 2500000; 2500000; 2500000; 2500000
10000;Iter 19; 1682.355457; 1018.426555; 482.054207; 181.874695; 2500000; 2500000; 2500000; 2500000
10000;Init; 84493.701353 ms
10000;Iter 0; 5289.758671; 4235.689459; 686.21211; 367.857102; 2500000; 2500000; 2500000; 2500000
10000;Iter 1; 1914.500858; 1164.840628; 526.992361; 222.667869; 2500000; 2500000; 2500000; 2500000
10000;Iter 2; 1859.272582; 1107.729264; 529.382084; 222.161234; 2500000; 2500000; 2500000; 2500000
10000;Iter 3; 1820.798165; 1128.207959; 495.405725; 197.184481; 2500000; 2500000; 2500000; 2500000
10000;Iter 4; 1776.790573; 1088.53235; 492.613421; 195.644802; 2500000; 2500000; 2500000; 2500000
10000;Iter 5; 1791.802404; 1104.789878; 492.201965; 194.810561; 2500000; 2500000; 2500000; 2500000
10000;Iter 6; 1770.270168; 1099.771416; 483.88872; 186.610032; 2500000; 2500000; 2500000; 2500000
10000;Iter 7; 1756.404868; 1093.375673; 481.302665; 181.72653; 2500000; 2500000; 2500000; 2500000
10000;Iter 8; 1750.082702; 1082.632599; 486.652962; 180.797141; 2500000; 2500000; 2500000; 2500000
10000;Iter 9; 1681.843776; 1025.225569; 480.623713; 175.994494; 2500000; 2500000; 2500000; 2500000
10000;Iter 10; 1656.220179; 1016.920175; 464.454871; 174.845133; 2500000; 2500000; 2500000; 2500000
10000;Iter 11; 1664.948622; 1018.585261; 471.513309; 174.850052; 2500000; 2500000; 2500000; 2500000
10000;Iter 12; 1674.608199; 1016.883148; 476.10312; 181.621931; 2500000; 2500000; 2500000; 2500000
10000;Iter 13; 1686.300857; 1023.564029; 483.282228; 179.4546; 2500000; 2500000; 2500000; 2500000
10000;Iter 14; 1666.724068; 1021.575053; 468.328445; 176.82057; 2500000; 2500000; 2500000; 2500000
10000;Iter 15; 1676.316438; 1025.340509; 479.923693; 171.052236; 2500000; 2500000; 2500000; 2500000
10000;Iter 16; 1639.586695; 1015.391875; 454.047545; 170.147275; 2500000; 2500000; 2500000; 2500000
10000;Iter 17; 1700.026872; 1032.884127; 490.936997; 176.205748; 2500000; 2500000; 2500000; 2500000
10000;Iter 18; 1655.908705; 1017.970203; 469.733568; 168.204934; 2500000; 2500000; 2500000; 2500000
10000;Iter 19; 1639.808805; 1010.053423; 458.574587; 171.180795; 2500000; 2500000; 2500000; 2500000
10000;Init; 70234.231654 ms
10000;Iter 0; 7782.611175; 6769.142149; 670.293814; 343.175212; 2500000; 2500000; 2500000; 2500000
10000;Iter 1; 1916.360731; 1157.68426; 535.827064; 222.849407; 2500000; 2500000; 2500000; 2500000
10000;Iter 2; 1803.990719; 1105.730815; 495.335513; 202.924391; 2500000; 2500000; 2500000; 2500000
10000;Iter 3; 1779.715108; 1098.62946; 485.467648; 195.618; 2500000; 2500000; 2500000; 2500000
10000;Iter 4; 1797.578213; 1096.839605; 495.092644; 205.645964; 2500000; 2500000; 2500000; 2500000
10000;Iter 5; 1789.113405; 1100.656532; 494.236111; 194.220762; 2500000; 2500000; 2500000; 2500000
10000;Iter 6; 1773.483054; 1101.621862; 487.516713; 184.344479; 2500000; 2500000; 2500000; 2500000
10000;Iter 7; 1760.958796; 1095.676608; 484.63693; 180.645258; 2500000; 2500000; 2500000; 2500000
10000;Iter 8; 1750.710292; 1083.589428; 483.527337; 183.593527; 2500000; 2500000; 2500000; 2500000
10000;Iter 9; 1676.589703; 1026.196806; 469.640369; 180.752528; 2500000; 2500000; 2500000; 2500000
10000;Iter 10; 1653.966879; 1021.108851; 458.604408; 174.25362; 2500000; 2500000; 2500000; 2500000
10000;Iter 11; 1680.74883; 1023.96818; 482.283627; 174.497023; 2500000; 2500000; 2500000; 2500000
10000;Iter 12; 1675.729994; 1017.834231; 478.705702; 179.190061; 2500000; 2500000; 2500000; 2500000
10000;Iter 13; 1673.42697; 1026.330095; 478.898645; 168.19823; 2500000; 2500000; 2500000; 2500000
10000;Iter 14; 1647.787027; 1014.095657; 466.329225; 167.362145; 2500000; 2500000; 2500000; 2500000
10000;Iter 15; 1642.093126; 1012.016227; 460.768992; 169.307907; 2500000; 2500000; 2500000; 2500000
10000;Iter 16; 1648.533896; 1018.407267; 463.672571; 166.454058; 2500000; 2500000; 2500000; 2500000
10000;Iter 17; 1641.882403; 1011.099277; 464.201332; 166.581794; 2500000; 2500000; 2500000; 2500000
10000;Iter 18; 1643.059317; 1012.114028; 463.997177; 166.948112; 2500000; 2500000; 2500000; 2500000
10000;Iter 19; 1655.616506; 1013.175699; 472.484301; 169.956506; 2500000; 2500000; 2500000; 2500000
10000;Init; 101176.670604 ms
10000;Iter 0; 5193.157582; 4147.888045; 688.270821; 356.998716; 2500000; 2500000; 2500000; 2500000
10000;Iter 1; 1903.250637; 1161.901568; 525.963376; 215.385693; 2500000; 2500000; 2500000; 2500000
10000;Iter 2; 1814.244312; 1112.295442; 494.415169; 207.533701; 2500000; 2500000; 2500000; 2500000
10000;Iter 3; 1757.572912; 1095.7842; 470.087335; 191.701377; 2500000; 2500000; 2500000; 2500000
10000;Iter 4; 1786.312346; 1090.452062; 495.405666; 200.454618; 2500000; 2500000; 2500000; 2500000
10000;Iter 5; 1837.593917; 1139.890878; 495.937295; 201.765744; 2500000; 2500000; 2500000; 2500000
10000;Iter 6; 1805.426422; 1116.754701; 500.122446; 188.549275; 2500000; 2500000; 2500000; 2500000
10000;Iter 7; 1737.697568; 1095.468991; 468.808257; 173.42032; 2500000; 2500000; 2500000; 2500000
10000;Iter 8; 1727.418112; 1071.012267; 481.910788; 174.495057; 2500000; 2500000; 2500000; 2500000
10000;Iter 9; 1679.894948; 1024.529726; 481.11469; 174.250532; 2500000; 2500000; 2500000; 2500000
10000;Iter 10; 1654.306066; 1019.147213; 463.894919; 171.263934; 2500000; 2500000; 2500000; 2500000
10000;Iter 11; 1672.809108; 1020.157245; 481.248189; 171.403674; 2500000; 2500000; 2500000; 2500000
10000;Iter 12; 1696.650013; 1036.085048; 478.749605; 181.81536; 2500000; 2500000; 2500000; 2500000
10000;Iter 13; 1673.059148; 1025.078494; 470.612713; 177.367941; 2500000; 2500000; 2500000; 2500000
10000;Iter 14; 1653.751672; 1016.912842; 472.936568; 163.902262; 2500000; 2500000; 2500000; 2500000
10000;Iter 15; 1644.131535; 1016.841143; 459.999638; 167.290754; 2500000; 2500000; 2500000; 2500000
10000;Iter 16; 1665.197766; 1017.056982; 472.887398; 175.253386; 2500000; 2500000; 2500000; 2500000
10000;Iter 17; 1660.182067; 1025.315853; 470.859793; 164.006421; 2500000; 2500000; 2500000; 2500000
10000;Iter 18; 1653.201414; 1013.52715; 472.808299; 166.865965; 2500000; 2500000; 2500000; 2500000
10000;Iter 19; 1681.809747; 1015.796965; 496.017434; 169.995348; 2500000; 2500000; 2500000; 2500000
